Date,temperature_c,humidity_percent,precipitation_mm,wind_speed_mps,PM 10,PM 2.5,O2,CO,O3,NO2,location
2023-01-01,26.22,88.52,18.86,2.77,47.294117647058826,57.11764705882353,47.8235294117647,9.647058823529411,22.88235294117647,8.647058823529411,Jakarta Pusat
2023-01-02,26.64,87.11,10.95,3.97,33.473684210526315,42.89473684210526,51.47368421052632,9.210526315789474,24.31578947368421,8.789473684210526,Jakarta Pusat
2023-01-03,26.26,87.06,6.11,3.71,31.33333333333333,36.375,49.5,9.333333333333334,14.958333333333334,7.666666666666667,Jakarta Pusat
2023-01-04,26.17,88.44,9.73,3.35,29.526315789473685,39.42105263157895,51.89473684210526,10.68421052631579,14.63157894736842,8.526315789473685,Jakarta Pusat
2023-01-05,26.56,85.08,3.32,3.3,38.0,51.27272727272727,50.18181818181818,12.272727272727272,25.09090909090909,11.363636363636363,Jakarta Pusat
2023-01-06,26.98,84.55,2.06,3.64,32.18181818181818,48.04545454545455,45.77272727272727,9.818181818181818,15.681818181818182,7.909090909090909,Jakarta Pusat
2023-01-07,26.99,85.49,1.72,3.6,24.95,41.4,43.8,10.35,9.1,5.2,Jakarta Pusat
2023-01-08,26.79,85.56,3.78,3.61,26.791666666666668,45.91666666666666,45.958333333333336,10.75,9.125,4.125,Jakarta Pusat
2023-01-09,27.23,82.87,1.94,2.65,26.727272727272727,41.0,46.90909090909091,9.636363636363637,11.954545454545457,5.2727272727272725,Jakarta Pusat
2023-01-10,27.26,83.02,2.23,3.44,35.473684210526315,44.8421052631579,46.73684210526316,11.0,20.05263157894737,7.368421052631579,Jakarta Pusat
2023-01-11,27.71,80.42,2.3,2.89,40.36842105263158,59.73684210526316,46.578947368421055,13.052631578947368,21.42105263157895,8.0,Jakarta Pusat
2023-01-12,27.39,80.59,3.99,1.63,53.45,70.8,48.55,11.95,27.65,13.4,Jakarta Pusat
2023-01-13,27.57,82.48,5.2,1.46,,,,,,,Jakarta Pusat
2023-01-14,27.17,83.41,7.84,1.74,,,,,,,Jakarta Pusat
2023-01-15,27.65,81.8,1.12,3.53,,,,,,,Jakarta Pusat
2023-01-16,27.09,84.68,1.01,3.37,,,,,,,Jakarta Pusat
2023-01-17,26.59,86.16,7.74,2.36,,,,,,,Jakarta Pusat
2023-01-18,26.35,85.99,5.52,2.62,56.42857142857143,75.28571428571429,55.85714285714285,11.571428571428571,9.428571428571429,11.714285714285714,Jakarta Pusat
2023-01-19,25.86,90.27,4.87,3.1,54.54545454545455,67.81818181818181,53.90909090909091,10.681818181818182,9.272727272727272,10.409090909090908,Jakarta Pusat
2023-01-20,26.88,83.36,2.15,2.68,42.5625,56.375,50.9375,9.0625,11.625,8.625,Jakarta Pusat
2023-01-21,26.91,85.05,3.93,3.06,40.95,58.3,29.6,16.2,10.6,18.55,Jakarta Pusat
2023-01-22,26.92,85.59,5.29,3.68,38.375,50.16666666666666,4.583333333333333,7.541666666666667,11.375,18.58333333333333,Jakarta Pusat
2023-01-23,26.85,85.7,4.68,3.74,24.30434782608696,28.39130434782609,5.391304347826087,5.434782608695652,13.173913043478262,12.347826086956522,Jakarta Pusat
2023-01-24,26.73,87.04,3.0,3.94,27.375,38.5,9.625,6.9375,10.1875,18.3125,Jakarta Pusat
2023-01-25,25.97,89.25,5.74,3.9,29.58333333333333,42.458333333333336,48.29166666666666,6.625,10.25,16.416666666666668,Jakarta Pusat
2023-01-26,25.99,88.66,3.67,2.74,39.5625,49.4375,47.625,8.1875,11.8125,21.25,Jakarta Pusat
2023-01-27,26.18,88.61,12.0,2.9,47.42857142857143,56.142857142857146,44.285714285714285,8.761904761904763,19.428571428571427,25.857142857142858,Jakarta Pusat
2023-01-28,26.48,87.21,14.01,2.19,45.80952380952381,48.71428571428572,41.285714285714285,5.047619047619048,14.714285714285714,26.19047619047619,Jakarta Pusat
2023-01-29,26.67,87.26,4.56,2.75,46.04545454545455,59.54545454545455,42.63636363636363,9.181818181818182,18.59090909090909,28.09090909090909,Jakarta Pusat
2023-01-30,26.84,86.85,2.14,3.32,36.285714285714285,54.142857142857146,44.0,8.857142857142858,19.285714285714285,25.857142857142858,Jakarta Pusat
2023-01-31,26.54,88.39,8.1,2.79,50.5,66.0,56.3,8.7,15.9,31.0,Jakarta Pusat
2023-02-01,26.44,87.25,5.0,2.46,,,,,,,Jakarta Pusat
2023-02-02,26.02,88.92,9.42,2.56,,,,,,,Jakarta Pusat
2023-02-03,26.29,83.86,2.97,2.67,,,,,,,Jakarta Pusat
2023-02-04,26.6,85.46,1.67,1.95,54.57142857142857,67.85714285714286,51.57142857142857,6.285714285714286,27.0,23.428571428571427,Jakarta Pusat
2023-02-05,26.96,85.09,1.17,2.65,47.30434782608695,59.04347826086956,45.52173913043478,5.304347826086956,26.869565217391305,17.043478260869566,Jakarta Pusat
2023-02-06,27.24,83.25,2.27,2.9,36.73684210526316,52.78947368421053,49.31578947368421,5.894736842105263,16.94736842105263,14.0,Jakarta Pusat
2023-02-07,26.26,86.86,4.93,2.47,40.94444444444444,51.22222222222222,50.61111111111112,6.388888888888889,15.055555555555555,20.38888888888889,Jakarta Pusat
2023-02-08,26.35,84.98,6.2,2.59,30.4375,38.0,40.5625,7.875,29.0,23.375,Jakarta Pusat
2023-02-09,26.92,84.17,3.69,3.62,31.13636363636364,44.77272727272727,38.81818181818182,6.454545454545454,15.090909090909092,19.181818181818183,Jakarta Pusat
2023-02-10,26.81,84.9,9.7,3.52,26.5,32.25,36.25,6.25,17.75,16.0,Jakarta Pusat
2023-02-11,26.0,89.85,35.53,2.6,35.25,39.0,35.75,6.25,20.75,19.25,Jakarta Pusat
2023-02-12,25.99,86.99,59.19,3.85,21.2,14.8,34.6,4.6,22.6,15.6,Jakarta Pusat
2023-02-13,26.58,84.15,6.63,3.78,26.0,22.666666666666668,34.333333333333336,4.666666666666667,23.33333333333333,12.666666666666666,Jakarta Pusat
2023-02-14,26.73,86.85,6.41,4.08,23.6,20.1,34.0,5.1,22.8,11.1,Jakarta Pusat
2023-02-15,26.54,86.61,13.1,3.76,21.83333333333333,22.5,34.5,6.0,17.0,11.666666666666666,Jakarta Pusat
2023-02-16,26.74,84.3,10.21,3.93,28.5,28.571428571428573,35.142857142857146,5.928571428571429,20.071428571428573,14.714285714285714,Jakarta Pusat
2023-02-17,26.5,86.2,5.86,2.85,28.83333333333333,34.083333333333336,35.0,5.166666666666667,17.833333333333332,17.916666666666668,Jakarta Pusat
2023-02-18,26.38,88.34,23.92,2.36,49.55555555555556,67.22222222222223,42.66666666666666,7.777777777777778,21.444444444444443,26.666666666666668,Jakarta Pusat
2023-02-19,26.6,87.81,7.1,2.68,55.81818181818182,72.72727272727273,39.0,7.818181818181818,26.272727272727277,25.09090909090909,Jakarta Pusat
2023-02-20,27.01,84.85,4.71,3.63,42.72727272727273,52.72727272727273,39.63636363636363,6.090909090909091,23.545454545454547,14.0,Jakarta Pusat
2023-02-21,26.32,88.26,6.27,3.31,26.5,34.666666666666664,38.583333333333336,6.833333333333333,20.416666666666668,14.583333333333334,Jakarta Pusat
2023-02-22,25.87,88.6,10.52,3.53,28.363636363636363,31.90909090909091,40.54545454545455,8.090909090909092,23.181818181818183,19.63636363636364,Jakarta Pusat
2023-02-23,26.41,89.03,27.0,3.47,34.22222222222222,43.333333333333336,39.77777777777778,4.444444444444445,22.33333333333333,22.33333333333333,Jakarta Pusat
2023-02-24,26.47,89.77,47.27,2.58,29.857142857142858,32.57142857142857,43.57142857142857,9.5,22.5,27.071428571428573,Jakarta Pusat
2023-02-25,25.48,87.55,35.02,2.59,34.9,45.5,44.2,9.1,27.1,29.7,Jakarta Pusat
2023-02-26,26.28,85.96,60.93,3.1,35.4,42.53333333333333,44.6,8.933333333333334,25.53333333333333,24.2,Jakarta Pusat
2023-02-27,26.25,89.69,23.62,4.03,23.5,24.2,29.9,7.9,22.9,17.3,Jakarta Pusat
2023-02-28,26.34,86.66,11.69,4.08,18.0,22.285714285714285,22.0,3.7142857142857135,7.857142857142857,12.714285714285714,Jakarta Pusat
2023-03-01,26.26,89.1,22.29,3.04,37.833333333333336,45.41666666666666,50.083333333333336,9.166666666666666,19.75,27.58333333333333,Jakarta Pusat
2023-03-02,25.9,89.58,13.3,3.14,31.77777777777778,35.44444444444444,47.22222222222222,10.22222222222222,20.33333333333333,25.77777777777778,Jakarta Pusat
2023-03-03,26.45,86.53,6.67,2.92,36.66666666666666,46.22222222222222,49.333333333333336,9.444444444444445,16.666666666666668,25.88888888888889,Jakarta Pusat
2023-03-04,26.49,87.13,13.82,3.27,33.4,42.5,49.3,6.3,18.2,22.6,Jakarta Pusat
2023-03-05,26.31,88.09,11.91,2.85,32.416666666666664,45.16666666666666,47.583333333333336,10.0,20.75,21.58333333333333,Jakarta Pusat
2023-03-06,26.64,86.48,3.88,3.3,32.09090909090909,43.63636363636363,46.63636363636363,9.636363636363637,20.0,19.818181818181817,Jakarta Pusat
2023-03-07,27.01,84.35,4.33,2.71,36.0,50.54545454545455,49.90909090909091,10.636363636363637,17.363636363636363,18.272727272727277,Jakarta Pusat
2023-03-08,26.58,83.6,9.25,1.83,41.0,55.55555555555556,51.0,11.333333333333334,18.444444444444443,23.88888888888889,Jakarta Pusat
2023-03-09,26.46,85.31,11.22,1.88,46.5,57.125,46.125,12.75,20.625,30.625,Jakarta Pusat
2023-03-10,27.39,82.35,10.12,1.62,42.333333333333336,57.888888888888886,45.888888888888886,12.11111111111111,14.77777777777778,28.55555555555556,Jakarta Pusat
2023-03-11,27.49,85.73,10.16,1.69,46.125,63.25,44.875,11.875,18.0,35.875,Jakarta Pusat
2023-03-12,27.57,83.54,7.94,1.34,58.36363636363637,80.72727272727273,46.72727272727273,12.545454545454543,19.0,36.45454545454545,Jakarta Pusat
2023-03-13,27.22,83.93,1.96,1.59,55.4,72.5,47.5,12.0,18.2,32.3,Jakarta Pusat
2023-03-14,26.66,86.75,12.08,2.66,51.66666666666666,65.33333333333333,46.75,11.416666666666666,18.08333333333333,31.25,Jakarta Pusat
2023-03-15,26.5,88.72,19.5,2.65,32.1,43.1,43.6,11.0,21.1,30.2,Jakarta Pusat
2023-03-16,27.28,81.84,0.68,1.54,54.3,74.8,45.3,14.5,21.8,42.7,Jakarta Pusat
2023-03-17,27.5,82.19,3.16,1.68,50.66666666666666,60.0,44.11111111111112,11.22222222222222,20.22222222222222,27.88888888888889,Jakarta Pusat
2023-03-18,27.37,82.88,2.77,1.52,45.0,59.0,44.5,11.875,16.5,33.25,Jakarta Pusat
2023-03-19,27.17,84.91,2.0,1.64,50.333333333333336,66.11111111111111,45.77777777777778,12.444444444444445,24.88888888888889,30.88888888888889,Jakarta Pusat
2023-03-20,27.6,80.6,5.05,1.26,,,,,,,Jakarta Pusat
2023-03-21,27.01,83.33,0.39,1.58,,,,,,,Jakarta Pusat
2023-03-22,27.68,81.86,1.88,1.65,,,,,,,Jakarta Pusat
2023-03-23,27.98,80.71,0.21,1.64,,,,,,,Jakarta Pusat
2023-03-24,27.93,79.08,0.52,1.68,,,,,,,Jakarta Pusat
2023-03-25,27.93,83.02,12.53,2.24,,,,,,,Jakarta Pusat
2023-03-26,27.77,83.02,11.63,2.04,,,,,,,Jakarta Pusat
2023-03-27,27.56,84.3,3.68,2.35,,,,,,,Jakarta Pusat
2023-03-28,27.34,84.43,4.3,1.5,,,,,,,Jakarta Pusat
2023-03-29,27.66,82.0,10.97,1.96,,,,,,,Jakarta Pusat
2023-03-30,27.18,82.84,5.6,2.82,,,,,,,Jakarta Pusat
2023-03-31,26.81,86.9,7.29,3.15,,,,,,,Jakarta Pusat
2023-04-01,26.72,87.55,7.53,3.47,,,,,,,Jakarta Pusat
2023-04-02,27.21,84.56,5.96,2.93,,,,,,,Jakarta Pusat
2023-04-03,27.16,82.07,3.14,3.2,,,,,,,Jakarta Pusat
2023-04-04,26.93,82.18,1.18,2.37,,,,,,,Jakarta Pusat
2023-04-05,27.74,78.87,1.06,2.82,,,,,,,Jakarta Pusat
2023-04-06,27.3,78.48,0.55,3.17,,,,,,,Jakarta Pusat
2023-04-07,27.3,75.55,1.3,1.75,,,,,,,Jakarta Pusat
2023-04-08,27.74,78.63,2.22,1.97,,,,,,,Jakarta Pusat
2023-04-09,27.27,83.49,5.69,2.72,,,,,,,Jakarta Pusat
2023-04-10,27.0,88.17,9.54,3.56,33.0,51.2,48.0,11.0,15.6,16.6,Jakarta Pusat
2023-04-11,27.62,84.78,2.05,3.71,27.0,46.46666666666667,47.0,11.133333333333333,14.466666666666669,15.333333333333334,Jakarta Pusat
2023-04-12,27.88,86.5,2.8,4.05,29.9,52.3,46.5,11.6,9.1,14.5,Jakarta Pusat
2023-04-13,27.73,86.21,1.49,3.46,27.08333333333333,48.0,45.41666666666666,10.75,10.666666666666666,14.833333333333334,Jakarta Pusat
2023-04-14,28.03,83.22,6.38,2.36,40.4,62.9,48.6,12.0,14.0,31.7,Jakarta Pusat
2023-04-15,27.6,84.82,6.23,2.45,64.91666666666667,85.83333333333333,51.75,12.833333333333334,24.08333333333333,47.25,Jakarta Pusat
2023-04-16,27.75,82.71,5.01,2.62,48.333333333333336,65.16666666666667,49.66666666666666,10.5,22.666666666666668,23.75,Jakarta Pusat
2023-04-17,28.03,80.39,2.59,2.09,42.333333333333336,58.41666666666666,48.75,11.0,19.166666666666668,22.916666666666668,Jakarta Pusat
2023-04-18,27.85,85.97,4.08,2.17,50.44444444444444,72.77777777777777,51.11111111111112,9.0,25.88888888888889,26.77777777777778,Jakarta Pusat
2023-04-19,27.68,87.63,4.08,1.58,50.45454545454545,71.0,49.27272727272727,9.636363636363637,31.90909090909091,26.90909090909091,Jakarta Pusat
2023-04-20,27.89,86.47,11.19,1.56,46.5,64.58333333333333,46.833333333333336,11.0,34.666666666666664,26.33333333333333,Jakarta Pusat
2023-04-21,27.65,85.99,2.02,1.98,48.15384615384615,69.46153846153847,45.53846153846154,9.384615384615383,37.76923076923077,23.615384615384617,Jakarta Pusat
2023-04-22,28.14,84.78,3.73,2.24,,,,,,,Jakarta Pusat
2023-04-23,27.89,88.17,4.29,2.34,,,,,,,Jakarta Pusat
2023-04-24,28.16,85.13,2.03,2.27,,,,,,,Jakarta Pusat
2023-04-25,27.91,83.53,1.76,2.0,,,,,,,Jakarta Pusat
2023-04-26,28.19,79.2,0.53,1.48,,,,,,,Jakarta Pusat
2023-04-27,28.3,81.08,3.14,2.19,,,,,,,Jakarta Pusat
2023-04-28,28.51,79.13,10.18,1.56,,,,,,,Jakarta Pusat
2023-04-29,28.04,78.7,0.57,1.25,,,,,,,Jakarta Pusat
2023-04-30,28.58,76.58,2.33,1.24,,,,,,,Jakarta Pusat
2023-05-01,28.72,78.78,73.88,1.2,,,,,,,Jakarta Pusat
2023-05-02,28.57,80.57,4.07,1.56,,,,,,,Jakarta Pusat
2023-05-03,28.33,86.06,9.39,2.3,,,,,,,Jakarta Pusat
2023-05-04,28.3,83.11,6.36,1.55,,,,,,,Jakarta Pusat
2023-05-05,28.68,81.65,7.46,1.16,,,,,,,Jakarta Pusat
2023-05-06,27.73,83.76,4.4,1.34,,,,,,,Jakarta Pusat
2023-05-07,28.07,81.46,7.45,1.18,,,,,,,Jakarta Pusat
2023-05-08,28.0,83.06,6.32,1.74,,,,,,,Jakarta Pusat
2023-05-09,28.47,80.56,1.25,1.41,,,,,,,Jakarta Pusat
2023-05-10,28.6,84.71,1.4,2.56,,,,,,,Jakarta Pusat
2023-05-11,28.29,87.65,3.91,3.68,,,,,,,Jakarta Pusat
2023-05-12,28.58,85.41,3.19,3.81,,,,,,,Jakarta Pusat
2023-05-13,28.58,84.68,13.14,1.6,,,,,,,Jakarta Pusat
2023-05-14,28.25,76.38,5.33,2.8,,,,,,,Jakarta Pusat
2023-05-15,28.06,74.79,0.14,1.89,,,,,,,Jakarta Pusat
2023-05-16,28.05,79.86,0.48,2.12,,,,,,,Jakarta Pusat
2023-05-17,28.02,80.79,0.21,2.53,,,,,,,Jakarta Pusat
2023-05-18,28.0,80.07,0.26,2.1,,,,,,,Jakarta Pusat
2023-05-19,27.84,81.57,0.26,2.05,59.888888888888886,90.33333333333331,52.0,11.88888888888889,24.55555555555556,32.44444444444444,Jakarta Pusat
2023-05-20,28.05,84.3,0.37,2.48,63.45454545454545,95.8181818181818,53.09090909090909,10.0,23.09090909090909,32.0,Jakarta Pusat
2023-05-21,28.56,78.7,1.78,1.97,65.18181818181819,98.45454545454544,52.09090909090909,10.545454545454543,28.09090909090909,26.454545454545453,Jakarta Pusat
2023-05-22,28.31,79.2,1.12,1.59,61.46153846153846,86.46153846153847,48.30769230769231,10.76923076923077,34.23076923076923,34.15384615384615,Jakarta Pusat
2023-05-23,27.86,80.17,1.87,2.09,37.71428571428572,56.285714285714285,28.285714285714285,5.857142857142857,16.285714285714285,16.857142857142858,Jakarta Pusat
2023-05-24,28.1,80.33,2.56,1.99,66.5,101.33333333333331,52.16666666666666,11.333333333333334,16.333333333333332,36.5,Jakarta Pusat
2023-05-25,28.3,78.21,4.73,2.03,65.72727272727273,95.72727272727272,51.72727272727273,13.0,26.181818181818183,31.454545454545453,Jakarta Pusat
2023-05-26,28.05,80.1,1.41,2.65,65.66666666666667,98.25,41.0,14.583333333333334,30.416666666666668,32.75,Jakarta Pusat
2023-05-27,27.83,80.33,2.3,2.0,66.72727272727273,97.54545454545456,40.81818181818182,10.818181818181818,31.90909090909091,26.545454545454547,Jakarta Pusat
2023-05-28,28.23,79.28,2.26,1.33,58.53846153846154,88.07692307692308,38.0,10.0,30.384615384615383,27.53846153846154,Jakarta Pusat
2023-05-29,28.19,81.09,2.78,1.64,62.785714285714285,96.71428571428572,38.0,11.785714285714286,28.571428571428573,29.642857142857142,Jakarta Pusat
2023-05-30,28.22,80.07,1.94,1.87,62.69230769230769,94.3846153846154,38.23076923076923,9.461538461538462,29.615384615384617,28.692307692307693,Jakarta Pusat
2023-05-31,28.31,78.7,0.44,1.6,60.833333333333336,89.66666666666667,37.333333333333336,9.833333333333334,30.33333333333333,34.333333333333336,Jakarta Pusat
2023-06-01,28.1,78.58,0.03,2.24,59.875,87.625,39.375,10.0625,27.125,29.875,Jakarta Pusat
2023-06-02,28.11,83.03,0.08,2.5,60.73333333333333,89.0,40.4,10.0,32.333333333333336,19.666666666666668,Jakarta Pusat
2023-06-03,28.21,84.47,0.57,2.2,61.333333333333336,90.33333333333331,41.0,9.333333333333334,31.33333333333333,18.33333333333333,Jakarta Pusat
2023-06-04,28.32,82.72,2.04,1.74,,,,,,,Jakarta Pusat
2023-06-05,27.68,86.05,4.16,1.51,,,,,,,Jakarta Pusat
2023-06-06,27.55,83.71,3.65,1.59,,,,,,,Jakarta Pusat
2023-06-07,27.66,83.9,2.22,2.29,,,,,,,Jakarta Pusat
2023-06-08,27.65,86.83,1.42,3.06,,,,,,,Jakarta Pusat
2023-06-09,28.03,83.15,0.82,2.5,56.0,75.0,43.0,13.0,15.0,23.0,Jakarta Pusat
2023-06-10,28.15,79.59,0.73,2.31,,,,,,,Jakarta Pusat
2023-06-11,27.85,78.99,0.04,2.58,,,,,,,Jakarta Pusat
2023-06-12,27.58,84.18,1.75,2.68,61.0,90.5,38.0,12.0,23.5,25.0,Jakarta Pusat
2023-06-13,27.95,87.73,5.05,2.79,57.0,81.8,43.8,10.0,20.0,28.0,Jakarta Pusat
2023-06-14,27.48,86.94,7.16,2.75,56.47619047619048,81.19047619047619,39.80952380952381,10.80952380952381,24.09523809523809,26.09523809523809,Jakarta Pusat
2023-06-15,27.25,86.24,6.0,2.73,58.625,88.125,39.8125,11.9375,19.875,32.1875,Jakarta Pusat
2023-06-16,26.88,85.24,13.87,1.99,56.95,79.4,37.45,11.3,27.5,24.65,Jakarta Pusat
2023-06-17,27.67,81.68,5.11,1.79,54.81818181818182,80.81818181818181,43.54545454545455,12.909090909090908,21.727272727272727,28.727272727272727,Jakarta Pusat
2023-06-18,27.61,85.51,4.38,1.98,58.71428571428572,88.28571428571429,45.07142857142857,10.857142857142858,23.142857142857142,28.714285714285715,Jakarta Pusat
2023-06-19,27.66,83.64,8.94,1.55,47.1578947368421,67.57894736842105,37.31578947368421,10.736842105263158,28.57894736842105,23.31578947368421,Jakarta Pusat
2023-06-20,27.38,82.22,1.69,1.76,52.38095238095238,74.52380952380952,39.285714285714285,13.904761904761903,27.285714285714285,28.52380952380953,Jakarta Pusat
2023-06-21,28.11,80.39,1.61,1.51,55.85714285714285,86.07142857142857,41.142857142857146,10.214285714285714,34.857142857142854,27.571428571428573,Jakarta Pusat
2023-06-22,28.08,83.3,1.82,2.46,61.52941176470589,97.05882352941175,38.294117647058826,12.294117647058824,31.529411764705884,35.1764705882353,Jakarta Pusat
2023-06-23,27.95,81.95,1.43,2.1,56.61904761904762,81.0,38.42857142857143,10.095238095238097,30.761904761904763,24.142857142857142,Jakarta Pusat
2023-06-24,27.69,84.31,3.28,1.65,52.71428571428572,74.5,37.642857142857146,9.857142857142858,28.428571428571427,26.357142857142858,Jakarta Pusat
2023-06-25,27.3,85.8,13.6,1.75,,,,,,,Jakarta Pusat
2023-06-26,27.56,81.85,3.47,1.33,54.5,78.07142857142857,37.07142857142857,12.285714285714286,32.5,28.857142857142858,Jakarta Pusat
2023-06-27,27.7,80.9,4.76,1.56,61.71428571428572,92.1904761904762,41.333333333333336,11.19047619047619,28.904761904761905,30.61904761904762,Jakarta Pusat
2023-06-28,28.03,79.66,3.86,2.04,48.23809523809524,71.0,38.04761904761905,10.714285714285714,25.476190476190474,26.285714285714285,Jakarta Pusat
2023-06-29,28.21,78.88,2.22,1.66,47.0625,57.4375,37.0,9.125,23.75,16.875,Jakarta Pusat
2023-06-30,28.29,75.93,1.38,1.4,37.05882352941177,62.588235294117645,36.0,10.352941176470589,27.176470588235293,17.235294117647058,Jakarta Pusat
2023-07-01,28.31,74.98,0.04,1.16,52.142857142857146,81.85714285714286,37.71428571428572,11.952380952380953,21.38095238095238,27.285714285714285,Jakarta Pusat
2023-07-02,28.09,78.89,0.33,1.55,55.95,83.3,36.55,9.75,25.75,27.85,Jakarta Pusat
2023-07-03,27.75,81.87,0.21,1.62,54.5,79.15,39.1,9.5,24.4,25.4,Jakarta Pusat
2023-07-04,27.91,79.9,0.11,1.94,54.55,77.7,38.8,11.55,23.05,31.3,Jakarta Pusat
2023-07-05,27.84,79.55,1.02,1.83,60.47368421052632,92.21052631578948,42.21052631578947,11.052631578947368,23.36842105263158,35.05263157894737,Jakarta Pusat
2023-07-06,27.56,81.54,2.82,1.48,66.57142857142857,102.76190476190476,40.90476190476191,11.428571428571429,23.904761904761905,35.80952380952381,Jakarta Pusat
2023-07-07,26.94,87.49,8.89,2.85,65.11111111111111,93.77777777777776,43.5,10.666666666666666,29.77777777777778,34.72222222222222,Jakarta Pusat
2023-07-08,27.2,86.15,9.73,2.92,54.04761904761905,71.42857142857143,38.47619047619048,10.714285714285714,21.23809523809524,29.80952380952381,Jakarta Pusat
2023-07-09,27.33,84.87,2.16,3.5,42.75,67.05,38.05,12.15,17.2,23.1,Jakarta Pusat
2023-07-10,27.76,83.39,1.72,3.24,42.7,63.9,40.4,10.15,17.05,18.15,Jakarta Pusat
2023-07-11,27.45,83.52,0.84,2.08,50.85,71.25,41.65,11.15,13.0,25.95,Jakarta Pusat
2023-07-12,27.8,76.75,0.61,1.83,56.2,85.85,40.55,11.45,22.95,31.4,Jakarta Pusat
2023-07-13,27.51,75.26,0.06,1.78,63.55555555555556,93.77777777777776,40.0,11.0,38.55555555555556,32.166666666666664,Jakarta Pusat
2023-07-14,27.91,78.14,1.88,1.59,60.76190476190476,91.8095238095238,39.285714285714285,12.38095238095238,33.857142857142854,33.80952380952381,Jakarta Pusat
2023-07-15,27.57,79.61,0.93,1.54,56.10526315789474,82.21052631578948,39.89473684210526,11.052631578947368,23.0,29.105263157894736,Jakarta Pusat
2023-07-16,28.09,77.24,0.34,1.66,54.6,80.95,40.7,11.0,22.1,25.95,Jakarta Pusat
2023-07-17,27.31,80.09,0.03,3.04,53.10526315789474,76.0,38.36842105263158,11.263157894736842,23.94736842105263,21.789473684210527,Jakarta Pusat
2023-07-18,26.67,80.87,0.02,3.52,58.19047619047619,86.57142857142857,40.19047619047619,11.238095238095235,21.857142857142858,24.33333333333333,Jakarta Pusat
2023-07-19,26.74,78.33,0.01,3.23,56.5,84.85,39.65,11.3,22.8,23.1,Jakarta Pusat
2023-07-20,26.82,72.15,0.0,2.1,53.65,80.2,38.7,13.75,25.3,23.5,Jakarta Pusat
2023-07-21,27.1,75.62,0.01,1.82,64.0,93.8,41.0,15.8,24.35,37.35,Jakarta Pusat
2023-07-22,27.25,78.78,0.14,2.65,73.0952380952381,108.38095238095238,41.66666666666666,13.38095238095238,30.19047619047619,35.80952380952381,Jakarta Pusat
2023-07-23,27.16,82.04,0.26,2.79,61.6,86.8,40.75,11.45,23.95,25.2,Jakarta Pusat
2023-07-24,27.33,80.85,1.64,1.91,57.1578947368421,79.6842105263158,38.89473684210526,11.578947368421051,33.421052631578945,22.42105263157895,Jakarta Pusat
2023-07-25,27.34,81.7,2.56,1.55,63.73333333333333,97.6,41.333333333333336,10.666666666666666,34.53333333333333,33.46666666666667,Jakarta Pusat
2023-07-26,27.7,78.08,1.44,1.73,65.95454545454545,95.72727272727272,38.31818181818182,10.636363636363637,29.13636363636364,33.0,Jakarta Pusat
2023-07-27,27.5,75.98,0.35,1.72,65.85,101.95,39.65,12.75,21.35,40.9,Jakarta Pusat
2023-07-28,27.43,73.85,0.28,2.42,67.9,97.55,44.15,11.35,23.05,35.55,Jakarta Pusat
2023-07-29,26.59,77.58,0.02,3.54,27.047619047619047,39.85714285714285,18.19047619047619,4.380952380952381,9.047619047619047,11.857142857142858,Jakarta Pusat
2023-07-30,26.42,76.66,0.05,3.38,30.666666666666668,44.16666666666666,20.166666666666668,5.444444444444445,17.0,9.88888888888889,Jakarta Pusat
2023-07-31,26.13,79.43,0.09,3.79,47.4,67.95,31.6,9.55,21.4,16.1,Jakarta Pusat
2023-08-01,26.74,82.87,0.13,3.49,56.5,80.45,41.05,10.35,19.7,24.9,Jakarta Pusat
2023-08-02,27.37,81.23,3.58,2.32,51.89473684210526,74.10526315789474,41.78947368421053,9.0,21.42105263157895,23.84210526315789,Jakarta Pusat
2023-08-03,27.68,83.08,7.48,2.48,58.66666666666666,82.42857142857143,40.523809523809526,9.047619047619047,32.285714285714285,28.476190476190474,Jakarta Pusat
2023-08-04,27.78,81.35,1.05,2.94,61.5,89.77777777777777,38.333333333333336,10.22222222222222,37.333333333333336,24.33333333333333,Jakarta Pusat
2023-08-05,27.06,80.81,0.1,3.25,57.888888888888886,89.72222222222223,38.833333333333336,8.444444444444445,32.166666666666664,21.27777777777778,Jakarta Pusat
2023-08-06,27.47,77.85,0.16,2.06,57.76190476190476,96.14285714285714,39.47619047619048,11.0,29.285714285714285,22.33333333333333,Jakarta Pusat
2023-08-07,27.48,79.95,0.22,2.54,67.82352941176471,110.76470588235294,39.8235294117647,12.882352941176473,29.705882352941178,35.588235294117645,Jakarta Pusat
2023-08-08,27.32,83.52,0.64,3.25,66.6,95.55,40.8,9.95,20.4,32.7,Jakarta Pusat
2023-08-09,26.99,81.89,0.09,3.57,59.15,79.2,39.55,9.1,23.2,24.6,Jakarta Pusat
2023-08-10,26.7,78.46,0.0,2.4,58.44444444444444,85.55555555555556,40.72222222222222,9.22222222222222,27.11111111111111,27.0,Jakarta Pusat
2023-08-11,26.83,78.26,0.0,2.04,64.76470588235294,97.3529411764706,40.64705882352941,10.294117647058824,28.41176470588235,32.11764705882353,Jakarta Pusat
2023-08-12,26.15,75.35,0.04,2.82,65.04761904761905,95.95238095238096,41.523809523809526,11.285714285714286,28.047619047619047,27.285714285714285,Jakarta Pusat
2023-08-13,26.54,75.6,0.04,2.42,60.6,88.0,42.95,11.5,27.6,24.8,Jakarta Pusat
2023-08-14,27.02,75.49,0.0,1.91,57.15,82.7,42.45,11.75,29.45,24.2,Jakarta Pusat
2023-08-15,27.06,76.09,0.0,2.07,60.94117647058823,88.76470588235294,44.76470588235294,11.176470588235292,26.235294117647054,32.05882352941177,Jakarta Pusat
2023-08-16,27.33,74.56,0.0,1.95,62.7,92.5,42.6,11.6,27.55,35.1,Jakarta Pusat
2023-08-17,26.91,75.64,0.0,2.48,62.05263157894737,89.10526315789474,42.36842105263158,11.578947368421051,20.94736842105263,33.31578947368421,Jakarta Pusat
2023-08-18,26.99,75.23,0.0,2.01,49.333333333333336,70.05555555555556,40.833333333333336,11.555555555555555,24.666666666666668,21.83333333333333,Jakarta Pusat
2023-08-19,26.86,80.0,0.0,2.69,53.85714285714285,80.57142857142857,41.142857142857146,12.19047619047619,27.80952380952381,27.80952380952381,Jakarta Pusat
2023-08-20,27.22,79.94,0.0,2.95,59.0625,86.0,41.9375,12.625,29.875,20.375,Jakarta Pusat
2023-08-21,26.98,77.24,0.0,2.85,58.0,83.28571428571429,40.285714285714285,12.80952380952381,28.61904761904762,20.666666666666668,Jakarta Pusat
2023-08-22,26.88,79.99,0.0,3.08,58.05263157894737,86.0,42.10526315789474,13.578947368421051,23.210526315789476,27.57894736842105,Jakarta Pusat
2023-08-23,27.15,77.87,0.0,3.13,64.52380952380952,96.52380952380952,41.76190476190476,13.476190476190476,27.23809523809524,35.142857142857146,Jakarta Pusat
2023-08-24,27.19,79.59,0.01,3.15,63.35,91.35,43.65,12.9,30.15,31.7,Jakarta Pusat
2023-08-25,27.34,80.1,0.21,2.59,60.5,87.8,44.8,12.9,37.0,29.45,Jakarta Pusat
2023-08-26,27.5,78.11,0.81,1.94,74.84210526315789,84.57894736842105,42.8421052631579,8.789473684210526,31.31578947368421,26.473684210526315,Jakarta Pusat
2023-08-27,27.58,78.46,2.34,1.6,66.15,90.15,40.65,11.45,39.35,23.5,Jakarta Pusat
2023-08-28,27.25,77.08,0.58,2.3,62.578947368421055,88.63157894736842,40.526315789473685,12.842105263157896,32.1578947368421,28.68421052631579,Jakarta Pusat
2023-08-29,27.24,75.14,0.01,2.45,62.10526315789474,90.36842105263158,44.31578947368421,13.421052631578949,21.473684210526315,31.894736842105264,Jakarta Pusat
2023-08-30,26.99,78.06,0.0,2.64,63.875,89.5,43.75,13.625,31.875,29.9375,Jakarta Pusat
2023-08-31,27.04,73.39,0.0,1.7,67.36363636363636,101.0909090909091,44.0,13.272727272727272,36.0,34.54545454545455,Jakarta Pusat
2023-09-01,27.16,71.54,0.0,1.7,71.9375,105.5625,42.625,12.8125,38.3125,37.8125,Jakarta Pusat
2023-09-02,27.0,74.47,0.0,1.73,72.47826086956522,107.6086956521739,43.130434782608695,11.826086956521738,34.26086956521739,35.17391304347826,Jakarta Pusat
2023-09-03,27.41,72.84,0.0,2.75,65.2,94.75,42.85,10.65,40.75,21.95,Jakarta Pusat
2023-09-04,26.07,72.5,0.0,3.34,43.85714285714285,63.92857142857143,31.928571428571427,8.428571428571429,22.285714285714285,20.857142857142858,Jakarta Pusat
2023-09-05,26.34,74.56,0.0,3.25,64.0,97.34782608695652,46.30434782608695,15.478260869565217,27.39130434782609,35.56521739130435,Jakarta Pusat
2023-09-06,27.03,73.96,0.0,2.31,60.578947368421055,92.52631578947368,46.68421052631579,15.894736842105264,28.73684210526316,34.8421052631579,Jakarta Pusat
2023-09-07,27.74,73.62,0.0,1.67,61.285714285714285,95.71428571428572,46.642857142857146,15.071428571428571,33.42857142857143,31.214285714285715,Jakarta Pusat
2023-09-08,27.89,76.19,0.0,2.63,64.9047619047619,100.28571428571428,49.142857142857146,13.761904761904765,27.23809523809524,33.19047619047619,Jakarta Pusat
2023-09-09,27.78,74.0,0.0,1.8,50.85714285714285,88.28571428571429,53.04761904761905,12.61904761904762,26.09523809523809,27.476190476190474,Jakarta Pusat
2023-09-10,27.29,74.57,0.0,1.74,55.0,84.55555555555556,42.44444444444444,11.444444444444445,29.444444444444443,24.33333333333333,Jakarta Pusat
2023-09-11,27.67,71.05,0.0,2.39,60.72222222222222,88.83333333333333,41.0,9.944444444444445,32.94444444444444,27.55555555555556,Jakarta Pusat
2023-09-12,27.91,77.01,0.0,3.21,56.61904761904762,85.42857142857143,42.0,9.571428571428571,21.61904761904762,27.23809523809524,Jakarta Pusat
2023-09-13,27.86,76.84,0.07,2.06,54.63157894736842,83.63157894736842,41.578947368421055,9.894736842105264,27.0,24.210526315789476,Jakarta Pusat
2023-09-14,27.62,73.86,0.13,2.42,55.85,76.05,42.4,9.0,29.65,29.55,Jakarta Pusat
2023-09-15,27.68,71.69,0.01,3.66,56.8421052631579,80.52631578947368,43.73684210526316,8.368421052631579,31.36842105263158,27.84210526315789,Jakarta Pusat
2023-09-16,27.58,78.17,0.58,3.35,59.26315789473684,84.94736842105263,45.526315789473685,7.0,31.68421052631579,24.73684210526316,Jakarta Pusat
2023-09-17,27.85,77.52,0.19,2.41,57.125,78.125,43.75,6.375,32.5625,20.6875,Jakarta Pusat
2023-09-18,28.0,76.57,0.28,1.69,54.2,75.95,41.75,5.65,31.3,20.1,Jakarta Pusat
2023-09-19,28.23,76.2,0.17,2.31,58.35,85.95,41.0,8.75,34.4,28.85,Jakarta Pusat
2023-09-20,28.3,75.12,0.08,2.13,61.66666666666666,85.33333333333333,42.285714285714285,8.238095238095237,22.142857142857142,32.95238095238095,Jakarta Pusat
2023-09-21,28.59,73.43,0.07,1.55,60.785714285714285,82.92857142857143,43.57142857142857,8.214285714285714,25.642857142857142,32.07142857142857,Jakarta Pusat
2023-09-22,28.8,69.49,0.04,1.52,61.5,90.85,44.0,8.75,29.95,31.65,Jakarta Pusat
2023-09-23,28.2,70.5,0.06,2.23,57.333333333333336,84.0,44.55555555555556,8.0,32.833333333333336,29.61111111111111,Jakarta Pusat
2023-09-24,28.38,69.41,0.0,1.7,54.73684210526316,78.0,44.10526315789474,7.052631578947368,27.526315789473685,24.63157894736842,Jakarta Pusat
2023-09-25,28.5,69.47,0.0,2.44,59.1578947368421,85.15789473684211,45.31578947368421,8.368421052631579,34.36842105263158,30.68421052631579,Jakarta Pusat
2023-09-26,28.43,66.8,0.0,2.49,58.26315789473684,87.52631578947368,44.8421052631579,8.210526315789474,29.789473684210527,33.36842105263158,Jakarta Pusat
2023-09-27,28.19,67.7,0.0,3.48,55.89473684210526,88.52631578947368,46.0,9.0,23.0,32.73684210526316,Jakarta Pusat
2023-09-28,28.03,70.3,0.0,3.51,57.588235294117645,96.6470588235294,46.0,7.647058823529412,28.94117647058824,23.705882352941178,Jakarta Pusat
2023-09-29,28.56,71.33,0.04,2.73,59.388888888888886,90.44444444444444,46.94444444444444,7.111111111111111,31.72222222222222,21.27777777777778,Jakarta Pusat
2023-09-30,28.74,70.27,0.44,1.36,62.45,94.95,45.15,5.25,32.15,25.8,Jakarta Pusat
2023-10-01,28.74,71.39,0.12,1.68,73.77777777777777,117.38888888888889,43.388888888888886,4.944444444444445,37.72222222222222,28.83333333333333,Jakarta Pusat
2023-10-02,28.87,67.81,0.08,1.71,77.375,125.16666666666669,42.41666666666666,7.375,33.458333333333336,29.875,Jakarta Pusat
2023-10-03,28.36,71.37,0.3,1.19,60.8421052631579,94.73684210526316,41.94736842105263,7.105263157894737,36.73684210526316,26.63157894736842,Jakarta Pusat
2023-10-04,28.95,70.73,0.03,1.96,60.8,90.8,42.6,7.0,30.65,32.05,Jakarta Pusat
2023-10-05,28.95,74.89,0.26,2.91,62.22222222222222,90.05555555555556,45.72222222222222,5.111111111111111,27.55555555555556,27.77777777777778,Jakarta Pusat
2023-10-06,29.25,73.61,0.14,2.14,59.15,85.5,46.3,4.85,36.45,26.4,Jakarta Pusat
2023-10-07,29.3,73.4,0.31,2.01,68.5,105.7,46.45,4.45,30.55,37.8,Jakarta Pusat
2023-10-08,29.42,72.08,0.26,2.43,65.38888888888889,93.27777777777776,48.66666666666666,3.555555555555556,31.11111111111111,25.444444444444443,Jakarta Pusat
2023-10-09,29.26,73.19,0.7,3.05,58.95,86.45,48.0,4.3,26.2,23.3,Jakarta Pusat
2023-10-10,29.14,74.51,0.88,2.56,57.9,77.45,49.55,4.95,34.1,25.75,Jakarta Pusat
2023-10-11,29.47,69.31,0.63,1.86,55.1,75.45,48.5,4.0,31.7,25.65,Jakarta Pusat
2023-10-12,29.45,69.05,0.12,2.62,59.875,89.25,47.0625,3.6875,34.8125,32.25,Jakarta Pusat
2023-10-13,29.57,69.36,0.16,1.93,63.45,104.85,47.05,2.8,40.15,26.5,Jakarta Pusat
2023-10-14,29.71,68.84,0.21,2.11,64.94736842105263,112.6842105263158,47.0,1.105263157894737,25.63157894736842,30.210526315789476,Jakarta Pusat
2023-10-15,29.76,70.21,0.52,2.57,61.72222222222222,98.16666666666669,47.77777777777778,1.3333333333333333,24.55555555555556,22.5,Jakarta Pusat
2023-10-16,29.82,71.09,0.08,2.32,59.25,96.4375,49.125,1.75,29.9375,23.3125,Jakarta Pusat
2023-10-17,29.9,69.79,0.03,2.77,,,,,,,Jakarta Pusat
2023-10-18,29.72,70.18,0.16,3.17,63.93333333333333,106.8,50.0,8.866666666666667,28.33333333333333,32.53333333333333,Jakarta Pusat
2023-10-19,29.17,74.65,1.33,3.65,64.26315789473684,97.10526315789474,50.73684210526316,8.842105263157896,28.84210526315789,33.31578947368421,Jakarta Pusat
2023-10-20,28.81,77.12,5.69,2.42,61.333333333333336,77.66666666666667,49.73333333333333,6.066666666666666,27.33333333333333,24.2,Jakarta Pusat
2023-10-21,29.21,75.74,3.16,1.94,38.95238095238095,51.57142857142857,29.52380952380953,3.857142857142857,14.142857142857142,20.80952380952381,Jakarta Pusat
2023-10-22,29.06,74.06,2.58,1.6,60.05555555555556,90.61111111111111,47.5,4.888888888888889,36.94444444444444,24.61111111111111,Jakarta Pusat
2023-10-23,29.17,73.51,1.59,1.57,61.95,86.4,48.25,6.0,38.5,25.65,Jakarta Pusat
2023-10-24,29.36,71.72,3.69,1.51,62.38095238095238,93.85714285714286,47.42857142857143,4.857142857142857,21.80952380952381,33.714285714285715,Jakarta Pusat
2023-10-25,28.84,77.57,3.64,1.63,59.8,84.7,44.05,5.3,32.4,33.3,Jakarta Pusat
2023-10-26,29.41,73.03,3.28,1.43,63.47368421052632,98.26315789473684,45.78947368421053,7.473684210526316,29.0,37.31578947368421,Jakarta Pusat
2023-10-27,29.42,71.5,0.3,2.02,66.83333333333333,101.0,46.66666666666666,7.722222222222222,30.11111111111111,36.388888888888886,Jakarta Pusat
2023-10-28,29.35,70.09,0.06,2.69,66.2,98.55,47.9,6.45,32.55,37.45,Jakarta Pusat
2023-10-29,29.58,69.49,0.31,1.95,64.84210526315789,92.89473684210526,47.21052631578947,6.684210526315789,36.78947368421053,26.57894736842105,Jakarta Pusat
2023-10-30,29.85,67.77,0.79,1.47,60.88235294117647,85.29411764705883,45.23529411764706,5.764705882352941,41.294117647058826,27.235294117647054,Jakarta Pusat
2023-10-31,29.97,70.0,3.09,1.88,64.66666666666667,91.9047619047619,45.523809523809526,5.380952380952381,46.66666666666666,33.333333333333336,Jakarta Pusat
2023-11-01,29.59,74.55,5.48,1.38,62.31578947368421,87.78947368421052,42.526315789473685,7.842105263157895,38.0,40.63157894736842,Jakarta Pusat
2023-11-02,29.73,74.41,4.24,1.8,59.11764705882353,84.0,42.0,6.470588235294118,34.0,37.1764705882353,Jakarta Pusat
2023-11-03,29.43,76.01,3.97,1.8,63.19047619047619,89.47619047619048,42.76190476190476,8.571428571428571,38.71428571428572,37.523809523809526,Jakarta Pusat
2023-11-04,28.87,78.75,10.2,2.16,64.23809523809524,93.9047619047619,44.523809523809526,8.142857142857142,34.0,40.90476190476191,Jakarta Pusat
2023-11-05,29.15,75.92,6.26,2.49,53.15,67.15,43.6,8.3,41.1,29.4,Jakarta Pusat
2023-11-06,29.34,74.12,2.93,1.68,52.57142857142857,73.19047619047619,43.095238095238095,8.428571428571429,33.76190476190476,29.476190476190474,Jakarta Pusat
2023-11-07,29.1,74.48,0.46,1.28,59.2,83.5,43.4,7.3,34.9,29.35,Jakarta Pusat
2023-11-08,29.81,70.89,0.16,1.41,55.80952380952381,75.0952380952381,41.61904761904762,6.523809523809524,40.42857142857143,26.285714285714285,Jakarta Pusat
2023-11-09,29.84,73.14,0.74,1.65,61.85,87.7,43.35,5.5,45.0,29.8,Jakarta Pusat
2023-11-10,29.57,75.89,5.71,1.73,63.78947368421053,105.42105263157896,43.21052631578947,7.526315789473684,42.10526315789474,33.0,Jakarta Pusat
2023-11-11,29.05,80.04,6.47,1.52,62.63157894736842,91.0,39.68421052631579,15.052631578947368,36.68421052631579,30.36842105263158,Jakarta Pusat
2023-11-12,29.31,76.11,5.42,1.32,57.66666666666666,80.38095238095238,41.90476190476191,16.523809523809526,42.38095238095238,25.857142857142858,Jakarta Pusat
2023-11-13,29.37,77.46,2.78,2.65,57.142857142857146,82.0,42.92857142857143,18.071428571428573,38.5,28.571428571428573,Jakarta Pusat
2023-11-14,29.24,79.62,9.68,2.35,56.7,78.45,42.65,16.3,34.15,26.7,Jakarta Pusat
2023-11-15,28.93,77.16,3.47,1.19,52.07692307692308,68.38461538461539,41.30769230769231,15.692307692307692,32.38461538461539,27.307692307692307,Jakarta Pusat
2023-11-16,29.38,75.7,3.38,1.47,56.73333333333333,81.0,42.333333333333336,15.8,41.53333333333333,37.06666666666667,Jakarta Pusat
2023-11-17,29.23,77.7,5.43,1.53,52.61111111111112,87.83333333333333,41.833333333333336,15.72222222222222,40.16666666666666,35.5,Jakarta Pusat
2023-11-18,29.36,75.12,2.85,1.28,48.55555555555556,103.27777777777776,38.888888888888886,14.0,28.05555555555556,30.61111111111111,Jakarta Pusat
2023-11-19,29.98,73.29,1.63,1.7,54.388888888888886,79.94444444444444,42.5,16.0,30.166666666666668,24.88888888888889,Jakarta Pusat
2023-11-20,29.81,73.29,2.15,1.31,52.66666666666666,75.27777777777777,43.0,14.833333333333334,39.61111111111112,22.77777777777778,Jakarta Pusat
2023-11-21,29.69,74.38,4.27,1.48,56.35,84.65,43.75,15.3,34.05,29.2,Jakarta Pusat
2023-11-22,30.04,74.09,3.46,1.87,51.1578947368421,71.52631578947368,42.47368421052632,13.36842105263158,41.89473684210526,30.0,Jakarta Pusat
2023-11-23,28.97,79.75,7.64,1.33,52.9,86.2,42.8,11.6,41.1,29.85,Jakarta Pusat
2023-11-24,28.66,81.36,7.32,1.58,69.04761904761905,104.14285714285714,44.76190476190476,11.523809523809524,32.333333333333336,38.42857142857143,Jakarta Pusat
2023-11-25,28.28,79.77,10.82,1.22,65.47368421052632,85.84210526315789,43.10526315789474,14.36842105263158,8.368421052631579,29.526315789473685,Jakarta Pusat
2023-11-26,28.59,77.45,8.65,1.57,54.47619047619048,73.04761904761905,42.095238095238095,14.523809523809524,13.285714285714286,24.23809523809524,Jakarta Pusat
2023-11-27,27.87,80.64,10.25,1.91,57.73684210526316,77.15789473684211,43.68421052631579,14.578947368421051,30.94736842105263,25.789473684210527,Jakarta Pusat
2023-11-28,28.04,79.97,9.3,2.22,61.8421052631579,94.36842105263158,44.68421052631579,14.0,27.0,33.05263157894737,Jakarta Pusat
2023-11-29,29.14,77.38,10.51,2.4,59.04545454545455,84.31818181818181,44.59090909090909,11.727272727272728,29.954545454545453,28.227272727272727,Jakarta Pusat
2023-11-30,28.63,81.87,10.96,2.13,47.583333333333336,65.91666666666667,43.66666666666666,12.0,28.33333333333333,27.0,Jakarta Pusat
2023-12-01,28.31,80.48,12.92,1.35,51.71428571428572,75.07142857142857,43.642857142857146,11.857142857142858,36.35714285714285,28.285714285714285,Jakarta Pusat
2023-12-02,28.14,81.1,4.9,1.87,58.04347826086956,93.2608695652174,44.65217391304348,10.347826086956522,30.26086956521739,29.17391304347826,Jakarta Pusat
2023-12-03,28.77,76.42,7.6,1.25,56.94444444444444,79.05555555555556,43.16666666666666,11.72222222222222,32.5,23.444444444444443,Jakarta Pusat
2023-12-04,28.07,77.67,9.59,1.2,47.05,66.2,43.0,12.35,33.95,26.0,Jakarta Pusat
2023-12-05,28.58,75.15,2.38,1.56,56.68421052631579,81.05263157894737,44.26315789473684,12.36842105263158,26.789473684210527,32.421052631578945,Jakarta Pusat
2023-12-06,28.66,79.22,7.99,1.38,55.66666666666666,81.42857142857143,44.57142857142857,10.0,27.61904761904762,33.95238095238095,Jakarta Pusat
2023-12-07,28.44,81.41,4.39,1.81,54.5,77.95,44.0,10.2,29.85,31.2,Jakarta Pusat
2023-12-08,28.98,78.75,1.78,0.94,58.26315789473684,83.26315789473684,44.0,8.31578947368421,42.68421052631579,31.42105263157895,Jakarta Pusat
2023-12-09,28.81,79.4,2.21,1.27,57.95238095238095,79.47619047619048,45.142857142857146,6.9523809523809526,35.666666666666664,30.714285714285715,Jakarta Pusat
2023-12-10,28.03,83.89,8.74,1.14,56.6,78.2,46.0,6.95,36.45,25.35,Jakarta Pusat
2023-12-11,28.32,81.22,1.31,1.54,57.8,82.35,46.45,7.85,37.4,27.0,Jakarta Pusat
2023-12-12,28.8,79.49,1.59,1.59,54.36842105263158,82.89473684210526,48.0,8.473684210526315,30.05263157894737,27.210526315789476,Jakarta Pusat
2023-12-13,28.78,76.27,3.18,1.77,56.3,78.3,49.0,8.65,29.5,25.9,Jakarta Pusat
2023-12-14,29.18,77.42,3.05,1.95,61.63157894736842,86.6842105263158,51.0,7.947368421052632,30.05263157894737,28.36842105263158,Jakarta Pusat
2023-12-15,28.77,76.46,3.46,1.85,63.35714285714285,81.5,51.0,8.0,23.5,26.928571428571427,Jakarta Pusat
2023-12-16,28.83,77.16,1.31,1.84,61.22222222222222,82.61111111111111,52.833333333333336,8.0,20.88888888888889,24.27777777777778,Jakarta Pusat
2023-12-17,29.13,74.39,0.79,2.64,61.15,85.1,56.05,7.65,19.95,18.35,Jakarta Pusat
2023-12-18,29.09,75.2,1.47,2.32,50.72222222222222,76.33333333333333,52.55555555555556,8.722222222222221,19.05555555555556,20.22222222222222,Jakarta Pusat
2023-12-19,29.23,73.76,3.7,2.17,57.8421052631579,79.94736842105263,53.21052631578947,7.105263157894737,18.157894736842103,24.0,Jakarta Pusat
2023-12-20,28.83,72.01,1.05,2.22,49.833333333333336,69.83333333333333,52.77777777777778,6.944444444444445,14.666666666666666,24.22222222222222,Jakarta Pusat
2023-12-21,28.68,70.48,0.08,2.17,26.05555555555556,29.77777777777778,62.5,16.61111111111111,0.0,40.72222222222222,Jakarta Pusat
2023-12-22,29.16,71.17,0.07,2.03,32.45,39.5,23.0,7.0,12.3,16.0,Jakarta Pusat
2023-12-23,29.77,73.07,2.42,1.42,60.36842105263158,89.42105263157895,35.73684210526316,10.63157894736842,33.89473684210526,27.36842105263158,Jakarta Pusat
2023-12-24,29.43,78.49,5.56,2.24,75.73684210526316,108.3157894736842,31.63157894736842,8.052631578947368,40.26315789473684,21.789473684210527,Jakarta Pusat
2023-12-25,28.8,77.84,8.63,1.66,61.78947368421053,89.89473684210526,31.36842105263158,8.105263157894736,41.47368421052632,20.26315789473684,Jakarta Pusat
2023-12-26,28.39,79.57,3.03,1.22,,,,,,,Jakarta Pusat
2023-12-27,28.61,79.11,6.91,1.01,56.92857142857143,79.28571428571429,32.285714285714285,7.142857142857143,36.21428571428572,28.285714285714285,Jakarta Pusat
2023-12-28,28.43,81.89,3.0,1.45,53.833333333333336,76.27777777777777,33.44444444444444,6.388888888888889,34.888888888888886,31.72222222222222,Jakarta Pusat
2023-12-29,28.54,81.4,5.83,1.5,55.0,84.21052631578948,49.68421052631579,0.8947368421052632,22.894736842105264,44.47368421052632,Jakarta Pusat
2023-12-30,29.57,74.22,1.64,1.09,58.85,82.1,52.0,6.95,18.95,39.4,Jakarta Pusat
2023-12-31,28.8,79.52,7.7,1.34,57.266666666666666,82.0,54.13333333333333,4.466666666666667,15.466666666666669,34.4,Jakarta Pusat
2024-01-01,28.59,83.06,5.3,1.52,62.375,90.1875,52.25,8.125,12.9375,30.375,Jakarta Pusat
2024-01-02,29.09,81.65,9.58,1.83,57.61904761904762,79.95238095238095,51.85714285714285,4.428571428571429,12.142857142857142,26.33333333333333,Jakarta Pusat
2024-01-03,28.42,84.81,9.16,2.32,51.47058823529412,73.76470588235294,55.52941176470589,7.0,11.588235294117649,29.352941176470587,Jakarta Pusat
2024-01-04,27.39,83.15,17.74,2.05,31.166666666666668,40.0,88.16666666666667,15.666666666666666,8.166666666666666,58.833333333333336,Jakarta Pusat
2024-01-05,28.43,77.25,5.56,1.3,,,,,,,Jakarta Pusat
2024-01-06,28.32,81.68,11.09,1.56,49.0,66.0,45.0,13.0,35.0,41.0,Jakarta Pusat
2024-01-07,27.51,87.75,16.85,1.86,52.55,74.8,45.5,13.7,33.75,43.1,Jakarta Pusat
2024-01-08,27.91,83.21,10.5,1.2,48.80952380952381,58.71428571428572,45.523809523809526,10.0,31.476190476190474,31.571428571428573,Jakarta Pusat
2024-01-09,28.56,80.57,6.06,2.08,41.22222222222222,52.44444444444444,40.44444444444444,10.61111111111111,20.88888888888889,27.05555555555556,Jakarta Pusat
2024-01-10,28.52,83.4,9.01,1.69,49.47368421052632,63.47368421052632,48.42105263157895,10.36842105263158,31.105263157894736,39.26315789473684,Jakarta Pusat
2024-01-11,28.11,84.61,20.43,2.29,50.27777777777778,58.77777777777778,46.72222222222222,9.833333333333334,24.666666666666668,35.333333333333336,Jakarta Pusat
2024-01-12,27.87,83.93,8.55,3.1,33.857142857142854,34.785714285714285,45.5,8.142857142857142,19.142857142857142,24.857142857142858,Jakarta Pusat
2024-01-13,28.63,80.1,11.7,2.12,,,,,,,Jakarta Pusat
2024-01-14,28.09,81.07,5.16,1.9,,,,,,,Jakarta Pusat
2024-01-15,28.56,80.48,6.9,2.37,55.9,68.1,47.1,10.6,22.1,29.2,Jakarta Pusat
2024-01-16,28.74,80.47,3.13,3.1,39.66666666666666,48.333333333333336,48.0,9.833333333333334,24.5,24.5,Jakarta Pusat
2024-01-17,28.32,82.6,5.1,2.69,39.72222222222222,51.66666666666666,49.44444444444444,9.22222222222222,19.05555555555556,28.0,Jakarta Pusat
2024-01-18,27.92,83.08,5.99,3.56,,,,,,,Jakarta Pusat
2024-01-19,27.07,88.74,39.97,4.64,19.3,26.1,44.7,0.4,12.6,19.3,Jakarta Pusat
2024-01-20,28.34,80.43,1.04,4.48,24.55555555555556,28.666666666666668,43.55555555555556,1.7222222222222223,14.77777777777778,18.77777777777778,Jakarta Pusat
2024-01-21,28.02,84.46,5.2,3.87,33.94736842105263,46.94736842105263,45.63157894736842,5.105263157894737,14.210526315789474,14.526315789473683,Jakarta Pusat
2024-01-22,28.22,82.99,3.91,3.75,25.42105263157895,28.210526315789476,44.36842105263158,2.736842105263158,17.473684210526315,11.052631578947368,Jakarta Pusat
2024-01-23,28.29,81.85,3.21,3.2,21.307692307692307,34.46153846153846,44.0,3.076923076923077,15.23076923076923,12.0,Jakarta Pusat
2024-01-24,28.15,82.65,4.48,2.96,29.466666666666665,35.86666666666667,45.0,8.8,13.2,14.0,Jakarta Pusat
2024-01-25,28.25,83.15,6.17,2.63,41.0,55.05,47.95,10.65,13.05,19.9,Jakarta Pusat
2024-01-26,27.84,83.71,7.19,2.55,41.578947368421055,55.78947368421053,47.8421052631579,6.526315789473684,17.05263157894737,25.526315789473685,Jakarta Pusat
2024-01-27,27.74,85.68,12.04,3.01,33.476190476190474,30.952380952380956,45.04761904761905,2.1904761904761907,18.23809523809524,24.047619047619047,Jakarta Pusat
2024-01-28,27.71,86.28,7.4,2.53,32.23529411764706,48.88235294117647,44.588235294117645,10.764705882352942,12.411764705882351,30.764705882352946,Jakarta Pusat
2024-01-29,27.33,85.9,23.78,1.94,30.75,0.0,43.875,7.125,15.25,26.0,Jakarta Pusat
2024-01-30,26.94,87.55,13.91,2.4,28.666666666666668,41.66666666666666,32.904761904761905,19.571428571428573,6.857142857142857,17.095238095238095,Jakarta Pusat
2024-01-31,27.24,85.49,42.6,1.84,27.47058823529412,45.94117647058823,46.94117647058823,19.47058823529412,21.11764705882353,30.41176470588235,Jakarta Pusat
2024-02-01,27.19,87.79,15.55,1.99,46.76470588235294,68.29411764705883,48.588235294117645,18.235294117647054,18.58823529411765,37.1764705882353,Jakarta Pusat
2024-02-02,27.75,85.39,9.65,2.77,49.21052631578947,64.05263157894737,48.94736842105263,12.210526315789474,19.84210526315789,27.26315789473684,Jakarta Pusat
2024-02-03,27.7,84.06,8.13,3.3,36.05,51.65,47.5,10.15,19.4,22.0,Jakarta Pusat
2024-02-04,27.3,85.39,6.95,2.7,26.41176470588235,43.35294117647059,46.76470588235294,9.882352941176473,15.411764705882351,15.647058823529411,Jakarta Pusat
2024-02-05,27.61,84.27,5.61,2.09,34.95238095238095,60.04761904761905,46.47619047619048,12.142857142857142,15.857142857142858,25.761904761904763,Jakarta Pusat
2024-02-06,27.18,86.63,16.0,2.2,46.31578947368421,64.15789473684211,47.1578947368421,9.947368421052632,20.31578947368421,31.94736842105263,Jakarta Pusat
2024-02-07,27.64,82.68,1.16,2.6,35.0,52.21052631578947,48.1578947368421,7.894736842105263,14.842105263157896,22.68421052631579,Jakarta Pusat
2024-02-08,28.21,79.21,0.79,2.22,41.3,59.5,48.3,6.4,15.5,20.9,Jakarta Pusat
2024-02-09,28.07,81.05,5.11,1.89,47.55555555555556,68.88888888888889,50.888888888888886,5.277777777777778,19.27777777777778,27.77777777777778,Jakarta Pusat
2024-02-10,27.28,85.56,12.99,2.67,46.47368421052632,60.47368421052632,50.31578947368421,6.421052631578948,27.894736842105264,23.526315789473685,Jakarta Pusat
2024-02-11,28.0,81.1,3.82,2.97,38.55,57.25,50.4,9.1,23.1,22.7,Jakarta Pusat
2024-02-12,27.68,84.74,4.7,2.95,34.4375,53.25,50.1875,6.9375,25.75,23.125,Jakarta Pusat
2024-02-13,27.96,83.71,10.04,2.04,37.7,52.45,51.0,7.35,24.8,27.45,Jakarta Pusat
2024-02-14,27.46,88.82,59.54,2.12,28.38888888888889,40.16666666666666,52.22222222222222,7.388888888888889,26.444444444444443,23.5,Jakarta Pusat
2024-02-15,28.41,80.7,20.63,1.71,32.3125,49.75,16.875,17.1875,22.125,28.6875,Jakarta Pusat
2024-02-16,27.35,87.69,31.59,2.21,54.523809523809526,73.95238095238095,10.333333333333334,27.714285714285715,20.33333333333333,39.76190476190476,Jakarta Pusat
2024-02-17,27.81,86.03,12.04,2.31,39.47058823529412,49.41176470588236,14.823529411764708,20.58823529411765,18.705882352941178,24.823529411764707,Jakarta Pusat
2024-02-18,28.02,86.59,5.72,1.84,36.68421052631579,53.78947368421053,16.0,20.0,23.42105263157895,25.789473684210527,Jakarta Pusat
2024-02-19,28.16,84.22,6.35,1.75,43.72222222222222,62.55555555555556,15.61111111111111,22.166666666666668,14.72222222222222,33.611111111111114,Jakarta Pusat
2024-02-20,28.58,78.91,2.3,1.33,,,,,,,Jakarta Pusat
2024-02-21,28.82,80.42,4.75,1.69,,,,,,,Jakarta Pusat
2024-02-22,28.74,83.14,8.46,2.53,,,,,,,Jakarta Pusat
2024-02-23,28.54,83.89,2.86,2.85,,,,,,,Jakarta Pusat
2024-02-24,28.42,84.55,5.35,2.36,,,,,,,Jakarta Pusat
2024-02-25,27.53,85.22,13.8,2.31,,,,,,,Jakarta Pusat
2024-02-26,27.72,85.24,10.13,1.65,,,,,,,Jakarta Pusat
2024-02-27,28.03,84.75,14.36,1.74,,,,,,,Jakarta Pusat
2024-02-28,27.78,87.63,19.29,2.51,,,,,,,Jakarta Pusat
2024-02-29,28.03,84.37,6.55,1.37,,,,,,,Jakarta Pusat
2024-03-01,28.33,84.73,10.43,1.87,,,,,,,Jakarta Pusat
2024-03-02,28.01,87.1,15.1,2.39,,,,,,,Jakarta Pusat
2024-03-03,27.77,85.97,3.91,2.71,,,,,,,Jakarta Pusat
2024-03-04,28.36,83.68,2.13,2.53,,,,,,,Jakarta Pusat
2024-03-05,28.48,86.45,6.65,3.86,25.071428571428573,42.142857142857146,13.0,18.428571428571427,20.357142857142858,22.142857142857142,Jakarta Pusat
2024-03-06,28.07,87.7,4.77,3.49,25.181818181818183,41.18181818181818,13.909090909090908,17.727272727272727,19.181818181818183,21.363636363636363,Jakarta Pusat
2024-03-07,28.29,86.92,5.02,3.46,23.428571428571427,35.07142857142857,14.714285714285714,16.928571428571427,19.642857142857142,20.571428571428573,Jakarta Pusat
2024-03-08,27.63,89.15,10.39,3.9,19.63157894736842,30.57894736842105,13.210526315789474,15.36842105263158,21.789473684210527,16.157894736842106,Jakarta Pusat
2024-03-09,27.02,89.47,15.41,2.41,27.55555555555556,34.27777777777778,16.72222222222222,17.11111111111111,20.11111111111111,22.22222222222222,Jakarta Pusat
2024-03-10,27.48,83.24,18.5,1.78,48.1875,66.625,16.3125,26.0625,18.625,32.6875,Jakarta Pusat
2024-03-11,27.52,85.52,4.75,3.15,39.04761904761905,51.57142857142857,12.714285714285714,17.857142857142858,14.238095238095235,22.38095238095238,Jakarta Pusat
2024-03-12,27.7,85.99,14.83,4.37,21.666666666666668,34.714285714285715,7.904761904761905,8.952380952380953,14.285714285714286,13.285714285714286,Jakarta Pusat
2024-03-13,27.5,86.34,23.86,3.5,41.095238095238095,59.23809523809524,13.61904761904762,14.476190476190476,18.761904761904763,25.047619047619047,Jakarta Pusat
2024-03-14,28.01,84.61,24.63,3.27,36.66666666666666,53.22222222222222,12.5,16.88888888888889,17.38888888888889,27.55555555555556,Jakarta Pusat
2024-03-15,27.65,86.25,19.63,2.79,33.5,45.3,15.25,16.4,21.1,23.55,Jakarta Pusat
2024-03-16,27.16,88.91,31.3,3.09,24.25,26.6,13.4,13.05,22.25,18.8,Jakarta Pusat
2024-03-17,27.39,85.68,12.79,3.52,23.05,34.85,13.85,12.15,21.4,16.95,Jakarta Pusat
2024-03-18,27.72,84.99,4.93,3.19,21.73684210526316,33.31578947368421,15.0,10.842105263157896,20.42105263157895,15.947368421052632,Jakarta Pusat
2024-03-19,28.2,82.39,1.25,3.15,28.33333333333333,47.22222222222222,15.055555555555555,13.055555555555555,18.0,18.0,Jakarta Pusat
2024-03-20,28.05,78.86,0.31,3.4,27.52380952380953,46.095238095238095,13.476190476190476,16.952380952380953,10.38095238095238,16.0,Jakarta Pusat
2024-03-21,27.76,83.78,7.69,2.88,26.6875,48.1875,16.4375,16.125,10.75,17.8125,Jakarta Pusat
2024-03-22,27.71,84.52,13.24,1.38,31.84210526315789,36.05263157894737,11.473684210526317,16.842105263157894,17.94736842105263,25.36842105263158,Jakarta Pusat
2024-03-23,28.9,76.28,0.79,1.28,49.66666666666666,62.66666666666666,12.0,29.83333333333333,17.0,42.333333333333336,Jakarta Pusat
2024-03-24,28.81,81.14,4.21,1.75,51.0,71.7,13.0,14.6,37.3,30.7,Jakarta Pusat
2024-03-25,28.42,84.02,2.99,1.91,45.2,64.1,13.0,15.8,28.35,34.75,Jakarta Pusat
2024-03-26,28.28,84.57,3.38,2.22,49.578947368421055,72.36842105263158,13.36842105263158,21.26315789473684,22.94736842105263,39.31578947368421,Jakarta Pusat
2024-03-27,28.26,84.99,5.67,2.39,56.10526315789474,77.94736842105263,13.052631578947368,21.894736842105264,19.42105263157895,43.31578947368421,Jakarta Pusat
2024-03-28,28.42,79.72,3.23,1.48,60.9,88.8,17.8,21.3,27.7,45.35,Jakarta Pusat
2024-03-29,28.66,80.25,2.89,1.71,63.3,89.6,16.75,19.45,36.2,49.1,Jakarta Pusat
2024-03-30,28.59,84.58,4.7,2.01,56.11764705882353,76.3529411764706,15.764705882352942,21.58823529411765,28.647058823529413,44.294117647058826,Jakarta Pusat
2024-03-31,28.47,86.04,13.65,1.84,53.42105263157895,79.05263157894737,12.36842105263158,24.210526315789476,28.789473684210527,44.73684210526316,Jakarta Pusat
2024-04-01,28.62,83.79,2.99,1.77,60.42105263157895,94.78947368421052,11.0,25.526315789473685,28.789473684210527,49.68421052631579,Jakarta Pusat
2024-04-02,28.68,80.71,3.13,1.36,67.45,95.5,12.95,27.6,28.65,58.5,Jakarta Pusat
2024-04-03,28.92,79.55,8.55,1.05,61.142857142857146,80.71428571428571,14.047619047619047,25.285714285714285,25.33333333333333,53.66666666666666,Jakarta Pusat
2024-04-04,29.01,81.38,3.67,1.65,49.625,66.3125,12.0,30.0625,23.8125,51.625,Jakarta Pusat
2024-04-05,28.92,82.7,6.86,1.27,63.526315789473685,97.94736842105264,13.157894736842104,33.526315789473685,27.05263157894737,57.526315789473685,Jakarta Pusat
2024-04-06,28.96,80.66,12.77,1.37,59.888888888888886,84.16666666666667,14.666666666666666,28.72222222222222,27.0,41.72222222222222,Jakarta Pusat
2024-04-07,28.97,80.74,3.39,1.55,50.11111111111112,69.16666666666667,11.944444444444445,21.77777777777778,35.111111111111114,34.388888888888886,Jakarta Pusat
2024-04-08,28.71,76.76,1.08,2.0,,,,,,,Jakarta Pusat
2024-04-09,29.07,79.28,2.92,1.7,,,,,,,Jakarta Pusat
2024-04-10,29.12,79.83,5.29,1.18,,,,,,,Jakarta Pusat
2024-04-11,28.61,82.97,6.98,2.01,36.7,53.3,10.1,18.0,31.3,25.2,Jakarta Pusat
2024-04-12,28.41,84.48,47.07,2.03,25.857142857142858,46.38095238095238,9.428571428571429,15.38095238095238,30.476190476190474,18.571428571428573,Jakarta Pusat
2024-04-13,28.61,78.69,1.83,1.97,31.38095238095238,52.333333333333336,9.571428571428571,20.09523809523809,28.761904761904763,28.476190476190474,Jakarta Pusat
2024-04-14,28.89,79.33,6.06,1.7,20.764705882352946,34.23529411764706,6.941176470588236,12.411764705882351,25.41176470588235,17.352941176470587,Jakarta Pusat
2024-04-15,28.97,81.72,2.61,2.25,27.125,46.375,9.0,19.0,27.0625,25.0625,Jakarta Pusat
2024-04-16,28.72,84.08,1.32,2.29,,,,,,,Jakarta Pusat
2024-04-17,28.89,83.58,9.04,1.61,,,,,,,Jakarta Pusat
2024-04-18,28.8,81.34,4.16,1.53,,,,,,,Jakarta Pusat
2024-04-19,28.78,82.5,4.83,2.14,,,,,,,Jakarta Pusat
2024-04-20,28.55,85.9,4.52,2.61,,,,,,,Jakarta Pusat
2024-04-21,28.88,82.19,2.77,1.91,,,,,,,Jakarta Pusat
2024-04-22,29.19,78.84,2.63,1.58,52.61538461538461,70.15384615384616,12.615384615384617,22.07692307692308,21.615384615384617,39.69230769230769,Jakarta Pusat
2024-04-23,28.87,84.05,5.8,1.78,51.526315789473685,69.26315789473684,14.052631578947368,24.36842105263158,16.842105263157894,41.89473684210526,Jakarta Pusat
2024-04-24,28.88,84.27,26.27,1.69,51.95,71.25,13.05,24.55,19.85,47.1,Jakarta Pusat
2024-04-25,28.72,84.97,14.11,1.74,,,,,,,Jakarta Pusat
2024-04-26,28.8,85.23,7.76,2.18,48.16666666666666,59.41666666666666,13.0,19.75,25.5,34.75,Jakarta Pusat
2024-04-27,28.87,82.98,6.57,2.42,55.72222222222222,71.77777777777777,18.166666666666668,21.77777777777778,21.77777777777778,34.5,Jakarta Pusat
2024-04-28,28.69,81.16,4.44,1.42,50.833333333333336,70.77777777777777,14.5,23.944444444444443,27.166666666666668,32.666666666666664,Jakarta Pusat
2024-04-29,29.09,85.39,1.61,2.69,50.65,67.3,12.85,17.2,29.55,29.4,Jakarta Pusat
2024-04-30,29.39,83.48,2.04,2.05,51.68421052631579,67.84210526315789,15.36842105263158,18.36842105263158,27.42105263157895,32.1578947368421,Jakarta Pusat
2024-05-01,28.88,87.91,6.38,2.47,48.94736842105263,64.26315789473684,14.947368421052632,18.42105263157895,27.42105263157895,33.10526315789474,Jakarta Pusat
2024-05-02,29.04,86.52,4.54,2.71,50.05,70.2,13.1,16.35,26.55,28.5,Jakarta Pusat
2024-05-03,29.25,82.64,1.9,1.7,56.85,82.15,14.0,22.7,26.85,39.95,Jakarta Pusat
2024-05-04,28.6,84.57,4.42,1.57,,,,,,,Jakarta Pusat
2024-05-05,28.9,79.4,7.02,1.67,,,,,,,Jakarta Pusat
2024-05-06,28.83,76.96,0.96,2.29,58.92857142857143,82.14285714285714,14.714285714285714,18.571428571428573,25.714285714285715,36.5,Jakarta Pusat
2024-05-07,28.68,76.71,0.06,2.05,62.10526315789474,90.84210526315788,15.894736842105264,19.94736842105263,22.473684210526315,42.73684210526316,Jakarta Pusat
2024-05-08,28.7,78.43,0.3,2.14,63.578947368421055,87.26315789473684,18.473684210526315,17.94736842105263,22.05263157894737,45.31578947368421,Jakarta Pusat
2024-05-09,28.6,82.62,0.98,2.29,62.333333333333336,93.33333333333331,16.904761904761905,17.952380952380953,21.19047619047619,44.80952380952381,Jakarta Pusat
2024-05-10,28.97,83.99,1.0,3.41,47.35,68.45,14.25,9.25,22.6,20.6,Jakarta Pusat
2024-05-11,28.99,84.81,3.77,3.14,51.95,75.75,18.2,11.25,28.25,26.15,Jakarta Pusat
2024-05-12,28.8,84.61,5.56,2.91,52.3125,74.375,18.5,9.8125,26.0625,27.75,Jakarta Pusat
2024-05-13,28.38,82.53,4.44,2.61,53.26315789473684,66.36842105263158,16.63157894736842,7.526315789473684,26.473684210526315,25.42105263157895,Jakarta Pusat
2024-05-14,28.55,84.14,3.69,2.41,59.11764705882353,80.41176470588235,17.235294117647058,9.705882352941176,26.58823529411765,36.11764705882353,Jakarta Pusat
2024-05-15,28.8,82.9,0.7,2.9,62.1764705882353,81.29411764705883,14.705882352941176,19.11764705882353,26.647058823529413,42.47058823529412,Jakarta Pusat
2024-05-16,28.66,82.34,1.23,2.51,64.4,94.6,18.35,16.75,29.1,37.9,Jakarta Pusat
2024-05-17,28.57,80.84,0.83,2.55,64.61111111111111,89.94444444444444,16.88888888888889,16.0,20.944444444444443,39.72222222222222,Jakarta Pusat
2024-05-18,28.78,81.51,0.55,2.63,65.33333333333333,94.71428571428572,17.428571428571427,19.38095238095238,16.80952380952381,46.90476190476191,Jakarta Pusat
2024-05-19,28.89,79.4,0.6,2.29,64.57894736842105,92.73684210526316,15.473684210526317,16.63157894736842,23.105263157894736,36.78947368421053,Jakarta Pusat
2024-05-20,28.52,80.56,0.14,2.87,64.57142857142857,91.0952380952381,16.333333333333332,15.047619047619047,27.428571428571427,31.952380952380956,Jakarta Pusat
2024-05-21,28.6,81.42,0.6,2.19,63.10526315789474,96.57894736842104,23.0,14.052631578947368,24.31578947368421,41.36842105263158,Jakarta Pusat
2024-05-22,28.66,81.99,1.84,2.48,64.52380952380952,91.76190476190476,20.666666666666668,12.333333333333334,23.904761904761905,40.85714285714285,Jakarta Pusat
2024-05-23,28.36,85.97,3.76,2.38,59.6,79.9,19.45,11.45,22.7,33.25,Jakarta Pusat
2024-05-24,28.58,85.59,10.0,2.49,58.6,75.65,17.7,12.35,19.0,30.05,Jakarta Pusat
2024-05-25,28.46,83.51,8.95,2.82,27.05555555555556,33.0,7.444444444444445,7.777777777777778,9.11111111111111,16.333333333333332,Jakarta Pusat
2024-05-26,28.71,82.92,1.56,2.24,56.8125,78.625,24.25,20.375,18.5,37.8125,Jakarta Pusat
2024-05-27,28.96,82.28,0.32,2.24,65.57894736842105,93.05263157894736,22.36842105263158,15.68421052631579,24.894736842105264,38.73684210526316,Jakarta Pusat
2024-05-28,28.97,83.24,0.6,2.3,66.23076923076923,98.6153846153846,18.0,14.076923076923077,30.153846153846157,42.53846153846154,Jakarta Pusat
2024-05-29,29.06,83.52,1.99,2.44,64.8,90.4,18.9,11.5,33.1,39.4,Jakarta Pusat
2024-05-30,28.93,80.82,0.68,1.49,,,,,,,Jakarta Pusat
2024-05-31,28.97,80.89,0.66,1.87,,,,,,,Jakarta Pusat
2024-06-01,28.75,82.55,3.56,1.49,,,,,,,Jakarta Pusat
2024-06-02,28.56,83.48,8.56,1.27,,,,,,,Jakarta Pusat
2024-06-03,27.88,86.23,36.71,1.99,48.75,59.91666666666666,11.416666666666666,5.083333333333333,24.58333333333333,39.75,Jakarta Pusat
2024-06-04,28.43,81.57,3.87,1.62,54.9,72.5,13.8,5.05,24.2,43.25,Jakarta Pusat
2024-06-05,28.81,80.79,0.69,1.96,63.88235294117647,88.17647058823529,16.0,5.647058823529412,26.0,51.05882352941177,Jakarta Pusat
2024-06-06,28.65,76.48,0.58,2.2,56.3,78.75,16.45,5.15,17.9,43.5,Jakarta Pusat
2024-06-07,28.41,76.74,0.27,1.5,56.833333333333336,81.61111111111111,15.666666666666666,1.0555555555555556,23.444444444444443,40.55555555555556,Jakarta Pusat
2024-06-08,28.24,80.91,0.81,2.1,60.94736842105263,86.10526315789474,16.210526315789473,23.73684210526316,22.157894736842103,41.0,Jakarta Pusat
2024-06-09,28.17,84.28,3.63,2.07,63.05555555555556,88.16666666666667,17.27777777777778,23.5,27.55555555555556,32.5,Jakarta Pusat
2024-06-10,28.24,84.47,1.96,1.6,68.6470588235294,98.3529411764706,14.882352941176473,33.1764705882353,19.352941176470587,46.70588235294117,Jakarta Pusat
2024-06-11,28.23,85.79,3.41,1.99,60.875,80.3125,17.1875,27.0,30.8125,39.0,Jakarta Pusat
2024-06-12,28.12,84.77,3.09,2.23,57.11111111111112,75.55555555555556,13.333333333333334,34.77777777777778,25.33333333333333,50.11111111111112,Jakarta Pusat
2024-06-13,28.46,77.59,1.89,1.74,49.333333333333336,62.22222222222222,15.666666666666666,29.0,20.55555555555556,36.0,Jakarta Pusat
2024-06-14,28.3,79.22,2.19,1.6,50.5,64.44444444444444,17.944444444444443,25.444444444444443,23.22222222222222,32.388888888888886,Jakarta Pusat
2024-06-15,28.71,79.12,6.27,1.07,51.526315789473685,72.0,14.947368421052632,28.473684210526315,30.63157894736842,39.526315789473685,Jakarta Pusat
2024-06-16,27.97,84.6,8.17,0.88,54.63157894736842,70.47368421052632,9.842105263157896,26.31578947368421,39.89473684210526,40.73684210526316,Jakarta Pusat
2024-06-17,28.57,79.38,1.44,1.49,50.8,71.8,10.5,27.2,32.25,33.5,Jakarta Pusat
2024-06-18,28.33,80.53,6.29,1.71,61.333333333333336,92.88888888888889,12.833333333333334,24.11111111111111,32.333333333333336,30.0,Jakarta Pusat
2024-06-19,28.32,83.63,2.85,3.16,68.55555555555556,96.22222222222224,14.166666666666666,29.77777777777778,27.5,44.77777777777778,Jakarta Pusat
2024-06-20,27.69,78.97,0.07,3.4,61.66666666666666,85.61111111111111,15.61111111111111,25.05555555555556,24.5,36.55555555555556,Jakarta Pusat
2024-06-21,27.99,78.56,0.13,2.77,62.94444444444444,88.61111111111111,16.22222222222222,25.55555555555556,24.5,41.888888888888886,Jakarta Pusat
2024-06-22,27.93,78.84,0.21,2.58,62.142857142857146,89.19047619047619,15.142857142857142,25.142857142857142,30.285714285714285,41.523809523809526,Jakarta Pusat
2024-06-23,27.54,75.5,0.02,2.71,63.15,89.85,16.7,25.2,28.55,36.0,Jakarta Pusat
2024-06-24,27.93,79.48,2.23,2.05,58.0,84.47058823529412,14.882352941176473,26.11764705882353,19.88235294117647,36.8235294117647,Jakarta Pusat
2024-06-25,27.83,86.12,7.49,2.74,56.625,72.625,19.25,25.75,20.0,33.25,Jakarta Pusat
2024-06-26,28.06,84.12,1.84,2.91,51.61904761904762,68.52380952380952,13.952380952380953,30.52380952380953,21.571428571428573,30.38095238095238,Jakarta Pusat
2024-06-27,28.04,86.0,2.35,2.67,55.5625,73.5625,13.75,25.75,24.1875,32.3125,Jakarta Pusat
2024-06-28,28.12,83.95,2.19,2.18,53.22222222222222,66.72222222222223,12.11111111111111,27.22222222222222,22.38888888888889,32.22222222222222,Jakarta Pusat
2024-06-29,27.96,83.11,8.93,1.38,46.11111111111112,62.72222222222222,9.61111111111111,28.666666666666668,18.444444444444443,30.38888888888889,Jakarta Pusat
2024-06-30,28.08,84.2,21.01,1.77,45.57142857142857,61.523809523809526,9.523809523809524,24.904761904761905,22.19047619047619,33.80952380952381,Jakarta Pusat
2024-07-01,27.77,83.64,17.97,1.56,59.05263157894737,85.89473684210526,11.526315789473683,26.789473684210527,28.63157894736842,39.21052631578947,Jakarta Pusat
2024-07-02,27.65,83.72,34.19,1.61,56.90476190476191,79.04761904761905,9.38095238095238,27.476190476190474,27.23809523809524,40.333333333333336,Jakarta Pusat
2024-07-03,28.0,83.46,26.91,1.5,66.80952380952381,98.57142857142856,11.61904761904762,37.61904761904762,26.714285714285715,49.66666666666666,Jakarta Pusat
2024-07-04,27.87,83.9,42.09,2.14,59.833333333333336,81.77777777777777,9.666666666666666,36.5,27.166666666666668,51.388888888888886,Jakarta Pusat
2024-07-05,27.61,86.88,14.32,4.0,53.36842105263158,67.15789473684211,9.63157894736842,28.157894736842103,21.63157894736842,42.578947368421055,Jakarta Pusat
2024-07-06,27.53,89.94,22.2,3.66,33.85,43.45,8.6,24.0,16.9,24.65,Jakarta Pusat
2024-07-07,27.91,83.14,5.19,1.65,22.83333333333333,38.66666666666666,8.0,24.0,16.0,23.0,Jakarta Pusat
2024-07-08,27.71,85.11,5.79,1.88,,,,,,,Jakarta Pusat
2024-07-09,27.43,86.97,7.09,2.5,,,,,,,Jakarta Pusat
2024-07-10,27.91,82.62,0.3,2.7,,,,,,,Jakarta Pusat
2024-07-11,27.96,77.82,0.01,2.27,,,,,,,Jakarta Pusat
2024-07-12,26.93,76.67,0.01,2.92,,,,,,,Jakarta Pusat
2024-07-13,27.0,76.13,0.0,2.34,,,,,,,Jakarta Pusat
2024-07-14,26.27,76.99,0.0,3.09,,,,,,,Jakarta Pusat
2024-07-15,26.39,71.61,0.0,2.36,62.54545454545455,89.9090909090909,15.272727272727272,25.181818181818183,31.454545454545453,43.09090909090909,Jakarta Pusat
2024-07-16,26.71,77.69,0.0,2.69,58.388888888888886,93.0,13.38888888888889,27.0,28.22222222222222,47.72222222222222,Jakarta Pusat
2024-07-17,27.2,82.54,0.02,2.87,58.26315789473684,87.78947368421052,16.05263157894737,26.05263157894737,21.526315789473685,45.578947368421055,Jakarta Pusat
2024-07-18,27.57,81.35,0.01,3.24,62.44444444444444,89.77777777777777,17.0,25.0,25.88888888888889,39.61111111111112,Jakarta Pusat
2024-07-19,27.31,81.1,0.0,3.28,59.16666666666666,84.5,15.333333333333334,25.0,22.88888888888889,38.388888888888886,Jakarta Pusat
2024-07-20,27.18,79.05,0.0,2.57,59.333333333333336,84.66666666666667,16.61111111111111,24.444444444444443,23.77777777777778,38.888888888888886,Jakarta Pusat
2024-07-21,27.49,77.23,0.0,2.32,59.0,84.11111111111111,13.555555555555555,23.666666666666668,26.444444444444443,35.388888888888886,Jakarta Pusat
2024-07-22,27.66,78.15,0.0,1.76,59.1764705882353,82.23529411764706,12.647058823529411,23.94117647058824,31.058823529411764,36.76470588235294,Jakarta Pusat
2024-07-23,27.64,75.92,0.04,1.2,64.76470588235294,90.76470588235294,16.11764705882353,25.58823529411765,33.0,42.11764705882353,Jakarta Pusat
2024-07-24,27.44,77.54,0.0,1.55,73.35,99.95,22.3,26.4,28.4,42.95,Jakarta Pusat
2024-07-25,27.34,77.97,0.02,1.56,61.1875,83.5625,16.4375,25.8125,29.625,43.375,Jakarta Pusat
2024-07-26,27.35,79.78,0.03,2.03,58.76470588235294,82.82352941176471,14.411764705882351,27.58823529411765,15.235294117647058,42.64705882352941,Jakarta Pusat
2024-07-27,27.27,81.32,0.0,3.17,63.47368421052632,95.10526315789474,16.473684210526315,24.73684210526316,18.473684210526315,38.36842105263158,Jakarta Pusat
2024-07-28,27.26,79.74,0.0,2.73,64.11764705882354,98.11764705882354,15.588235294117649,23.47058823529412,26.176470588235293,32.294117647058826,Jakarta Pusat
2024-07-29,27.04,80.16,0.0,2.65,63.68421052631579,92.84210526315788,14.842105263157896,23.31578947368421,27.26315789473684,32.68421052631579,Jakarta Pusat
2024-07-30,27.08,77.67,0.0,2.35,62.388888888888886,95.72222222222224,16.27777777777778,26.166666666666668,19.88888888888889,42.94444444444444,Jakarta Pusat
2024-07-31,27.26,80.43,0.16,2.47,67.94444444444444,102.61111111111111,16.0,27.5,20.666666666666668,50.0,Jakarta Pusat
2024-08-01,27.56,80.89,5.39,1.43,68.25,102.125,13.625,27.1875,26.125,43.625,Jakarta Pusat
2024-08-02,27.78,81.51,14.18,1.61,62.7,88.8,10.8,27.45,36.3,43.35,Jakarta Pusat
2024-08-03,27.65,84.08,10.53,1.93,47.16666666666666,65.66666666666667,10.166666666666666,27.83333333333333,28.55555555555556,45.72222222222222,Jakarta Pusat
2024-08-04,28.16,79.0,4.61,2.04,49.0,73.38888888888889,10.333333333333334,29.27777777777778,26.166666666666668,40.27777777777778,Jakarta Pusat
2024-08-05,27.76,76.46,1.87,2.4,53.5,78.11111111111111,10.833333333333334,25.33333333333333,24.11111111111111,36.0,Jakarta Pusat
2024-08-06,27.14,80.13,0.06,2.77,52.8421052631579,74.73684210526316,15.0,24.26315789473684,22.05263157894737,41.31578947368421,Jakarta Pusat
2024-08-07,27.08,79.17,0.07,2.36,60.44444444444444,86.66666666666667,13.5,25.38888888888889,26.05555555555556,40.388888888888886,Jakarta Pusat
2024-08-08,27.52,81.79,2.01,2.68,64.3529411764706,98.05882352941175,15.882352941176473,27.529411764705884,23.647058823529413,43.47058823529412,Jakarta Pusat
2024-08-09,27.59,82.89,0.31,3.25,61.285714285714285,92.1904761904762,15.523809523809524,25.666666666666668,20.38095238095238,35.04761904761905,Jakarta Pusat
2024-08-10,27.55,81.82,0.27,2.49,56.10526315789474,80.78947368421052,14.473684210526317,23.157894736842103,20.84210526315789,34.26315789473684,Jakarta Pusat
2024-08-11,27.58,79.16,0.41,2.29,55.95238095238095,77.04761904761905,12.428571428571429,21.857142857142858,27.80952380952381,29.142857142857142,Jakarta Pusat
2024-08-12,26.83,78.56,0.02,3.03,54.25,78.1,11.5,22.85,25.05,29.35,Jakarta Pusat
2024-08-13,26.45,78.39,0.0,2.75,60.285714285714285,90.21428571428572,18.142857142857142,25.928571428571427,22.428571428571427,43.285714285714285,Jakarta Pusat
2024-08-14,26.98,77.28,0.0,2.5,62.26315789473684,92.15789473684212,17.0,26.0,27.36842105263158,42.68421052631579,Jakarta Pusat
2024-08-15,27.28,77.44,0.0,2.39,63.526315789473685,90.63157894736842,14.578947368421051,25.68421052631579,33.89473684210526,38.578947368421055,Jakarta Pusat
2024-08-16,27.32,75.57,0.0,2.13,64.23809523809524,92.14285714285714,15.142857142857142,27.666666666666668,34.476190476190474,47.71428571428572,Jakarta Pusat
2024-08-17,27.33,76.89,0.0,2.41,64.0,91.58823529411764,14.823529411764708,25.94117647058824,33.529411764705884,44.05882352941177,Jakarta Pusat
2024-08-18,27.5,79.45,0.0,2.11,61.26315789473684,90.84210526315788,13.0,22.94736842105263,29.68421052631579,33.36842105263158,Jakarta Pusat
2024-08-19,27.26,80.75,0.0,2.51,60.65,86.2,12.75,23.9,30.8,37.0,Jakarta Pusat
2024-08-20,27.27,79.89,0.0,2.28,63.0,91.15,13.5,25.9,27.9,45.15,Jakarta Pusat
2024-08-21,27.25,80.1,0.0,2.5,66.875,96.9375,16.0625,26.8125,27.375,47.0,Jakarta Pusat
2024-08-22,27.27,79.24,0.0,2.18,63.27777777777778,87.33333333333333,19.0,24.88888888888889,28.0,40.44444444444444,Jakarta Pusat
2024-08-23,27.7,77.34,0.0,1.84,56.71428571428572,77.04761904761905,13.428571428571429,23.33333333333333,27.571428571428573,32.714285714285715,Jakarta Pusat
2024-08-24,27.88,75.86,0.23,1.55,61.7,94.25,13.35,26.45,24.75,41.7,Jakarta Pusat
2024-08-25,27.81,72.88,0.23,1.99,65.5,92.27777777777776,12.444444444444445,25.61111111111111,29.22222222222222,38.0,Jakarta Pusat
2024-08-26,27.98,74.55,0.05,1.83,55.2,78.35,13.25,23.8,27.4,37.55,Jakarta Pusat
2024-08-27,28.09,73.6,0.15,1.78,68.1,104.65,14.15,29.3,36.4,49.05,Jakarta Pusat
2024-08-28,27.74,70.14,0.0,2.1,63.4375,87.875,13.8125,25.0,34.75,41.8125,Jakarta Pusat
2024-08-29,28.13,70.05,0.19,0.95,63.78947368421053,95.89473684210526,14.526315789473683,26.0,37.05263157894737,42.73684210526316,Jakarta Pusat
2024-08-30,27.59,70.89,0.01,1.91,69.57894736842105,98.15789473684212,14.526315789473683,27.84210526315789,31.894736842105264,45.526315789473685,Jakarta Pusat
2024-08-31,27.61,74.45,0.01,1.85,56.72222222222222,76.72222222222223,14.0,25.55555555555556,24.38888888888889,40.16666666666666,Jakarta Pusat
2024-09-01,27.69,77.96,0.05,1.95,54.05,72.35,12.9,22.7,28.1,34.7,Jakarta Pusat
2024-09-02,28.09,80.53,0.64,2.08,52.8421052631579,70.21052631578948,10.421052631578949,21.73684210526316,33.94736842105263,33.73684210526316,Jakarta Pusat
2024-09-03,28.63,75.39,0.3,1.55,54.76190476190476,79.57142857142857,10.571428571428571,26.904761904761905,26.285714285714285,44.0,Jakarta Pusat
2024-09-04,28.36,74.59,0.59,2.14,57.285714285714285,81.95238095238095,10.761904761904765,24.571428571428573,34.19047619047619,35.714285714285715,Jakarta Pusat
2024-09-05,28.6,76.43,0.86,1.77,52.35,72.8,12.0,24.05,17.9,33.95,Jakarta Pusat
2024-09-06,28.22,81.04,0.46,3.12,55.47058823529412,84.70588235294117,13.058823529411764,26.0,20.88235294117647,41.41176470588236,Jakarta Pusat
2024-09-07,28.25,76.37,0.12,3.9,53.75,77.45,12.7,22.3,24.35,26.85,Jakarta Pusat
2024-09-08,28.14,80.64,3.26,2.82,53.45,81.5,12.9,21.2,21.7,24.6,Jakarta Pusat
2024-09-09,27.33,84.24,9.48,2.28,48.85,69.0,12.15,22.0,21.15,26.9,Jakarta Pusat
2024-09-10,27.5,80.98,7.33,1.48,49.388888888888886,69.33333333333333,9.944444444444445,31.55555555555556,19.72222222222222,41.333333333333336,Jakarta Pusat
2024-09-11,28.18,78.27,4.21,2.81,44.35294117647059,60.70588235294117,11.529411764705882,24.058823529411764,25.58823529411765,35.529411764705884,Jakarta Pusat
2024-09-12,28.29,77.75,7.08,1.84,61.05555555555556,82.61111111111111,14.77777777777778,26.05555555555556,34.833333333333336,36.77777777777778,Jakarta Pusat
2024-09-13,28.03,76.46,7.96,1.47,54.55,76.25,10.3,28.25,39.25,43.65,Jakarta Pusat
2024-09-14,27.78,68.1,0.25,1.69,56.4,84.6,10.466666666666669,25.866666666666667,41.93333333333333,40.333333333333336,Jakarta Pusat
2024-09-15,27.88,70.0,1.28,1.45,59.333333333333336,86.0,12.0,27.0,38.16666666666666,35.94444444444444,Jakarta Pusat
2024-09-16,27.97,69.91,0.87,1.52,59.55555555555556,85.61111111111111,11.833333333333334,24.0,37.11111111111112,32.72222222222222,Jakarta Pusat
2024-09-17,27.55,68.89,0.36,1.41,56.21052631578947,78.57894736842105,14.052631578947368,22.789473684210527,40.42105263157895,34.421052631578945,Jakarta Pusat
2024-09-18,27.16,75.35,0.34,1.86,53.095238095238095,75.28571428571429,14.904761904761903,24.285714285714285,34.61904761904762,35.42857142857143,Jakarta Pusat
2024-09-19,27.63,70.0,0.03,1.41,,,,,,,Jakarta Pusat
2024-09-20,28.09,71.07,0.06,1.35,59.66666666666666,86.44444444444444,15.0,24.33333333333333,33.333333333333336,44.66666666666666,Jakarta Pusat
2024-09-21,28.07,75.08,0.2,1.5,59.95238095238095,89.61904761904762,14.476190476190476,24.904761904761905,32.0,41.90476190476191,Jakarta Pusat
2024-09-22,28.5,79.06,1.87,1.7,,,,,,,Jakarta Pusat
2024-09-23,28.28,84.24,6.36,1.96,59.333333333333336,86.53333333333333,15.466666666666669,24.4,25.266666666666666,36.73333333333333,Jakarta Pusat
2024-09-24,27.85,85.07,28.99,1.86,55.30769230769231,75.61538461538461,15.076923076923077,24.53846153846154,33.30769230769231,32.07692307692308,Jakarta Pusat
2024-09-25,27.91,81.74,6.97,1.85,62.294117647058826,85.94117647058823,10.705882352941176,31.47058823529412,23.235294117647054,47.94117647058823,Jakarta Pusat
2024-09-26,27.73,81.0,12.34,0.91,58.22222222222222,71.5,9.61111111111111,29.0,24.05555555555556,47.44444444444444,Jakarta Pusat
2024-09-27,28.22,79.42,7.7,1.92,51.05263157894737,71.84210526315789,10.0,27.57894736842105,24.63157894736842,43.8421052631579,Jakarta Pusat
2024-09-28,28.41,82.12,2.07,2.24,53.94736842105263,81.52631578947368,12.526315789473683,28.210526315789476,22.63157894736842,37.94736842105263,Jakarta Pusat
2024-09-29,28.72,81.1,2.28,2.29,,,,,,,Jakarta Pusat
2024-09-30,28.27,80.89,1.43,1.64,51.0,70.33333333333333,13.5,26.5,14.0,43.5,Jakarta Pusat
2024-10-01,28.69,75.3,0.11,1.51,59.61111111111112,88.05555555555556,13.5,28.444444444444443,20.05555555555556,46.66666666666666,Jakarta Pusat
2024-10-02,28.87,76.74,1.24,1.68,62.78947368421053,86.36842105263158,13.0,27.36842105263158,25.31578947368421,50.47368421052632,Jakarta Pusat
2024-10-03,28.32,81.51,2.13,2.43,48.21052631578947,70.26315789473684,10.36842105263158,22.63157894736842,15.842105263157896,35.1578947368421,Jakarta Pusat
2024-10-04,28.41,80.88,3.63,2.16,59.31578947368421,83.78947368421052,15.63157894736842,26.105263157894736,20.05263157894737,40.0,Jakarta Pusat
2024-10-05,28.43,80.32,1.46,1.79,55.63157894736842,79.63157894736842,12.63157894736842,29.789473684210527,19.26315789473684,47.31578947368421,Jakarta Pusat
2024-10-06,28.59,78.41,1.38,1.38,53.3,75.3,10.6,27.7,25.65,39.85,Jakarta Pusat
2024-10-07,28.68,79.08,0.84,2.26,68.44444444444444,105.16666666666669,15.38888888888889,30.55555555555556,24.944444444444443,47.11111111111112,Jakarta Pusat
2024-10-08,28.36,76.44,0.29,2.35,58.22222222222222,78.88888888888889,15.944444444444445,24.88888888888889,20.61111111111111,38.22222222222222,Jakarta Pusat
2024-10-09,28.9,76.65,0.14,2.16,54.526315789473685,75.05263157894737,13.473684210526317,25.526315789473685,23.157894736842103,40.31578947368421,Jakarta Pusat
2024-10-10,29.17,77.36,0.6,2.05,,,,,,,Jakarta Pusat
2024-10-11,28.82,81.63,0.67,2.76,,,,,,,Jakarta Pusat
2024-10-12,28.9,80.74,0.65,2.4,,,,,,,Jakarta Pusat
2024-10-13,28.23,82.32,5.25,1.65,,,,,,,Jakarta Pusat
2024-10-14,28.6,78.82,10.32,1.43,,,,,,,Jakarta Pusat
2024-10-15,28.41,80.57,3.3,1.7,,,,,,,Jakarta Pusat
2024-10-16,29.05,74.01,0.74,1.33,,,,,,,Jakarta Pusat
2024-10-17,28.39,68.05,0.08,1.84,,,,,,,Jakarta Pusat
2024-10-18,28.41,72.61,0.1,1.67,55.375,0.0,13.0,24.375,37.625,38.25,Jakarta Pusat
2024-10-19,28.31,74.73,0.05,1.69,61.66666666666666,0.0,13.944444444444445,26.61111111111111,39.22222222222222,38.333333333333336,Jakarta Pusat
2024-10-20,28.9,71.16,0.54,2.49,,,,,,,Jakarta Pusat
2024-10-21,28.56,71.99,0.12,1.77,,,,,,,Jakarta Pusat
2024-10-22,29.27,73.0,0.4,1.53,62.57142857142857,0.0,14.0,27.142857142857142,38.0,46.57142857142857,Jakarta Pusat
2024-10-23,29.16,76.37,2.83,1.62,58.72222222222222,0.0,12.77777777777778,24.77777777777778,42.888888888888886,39.888888888888886,Jakarta Pusat
2024-10-24,28.57,78.92,22.47,1.4,,,,,,,Jakarta Pusat
2024-10-25,28.9,75.39,32.89,1.82,,,,,,,Jakarta Pusat
2024-10-26,28.99,75.23,1.87,1.77,57.0,0.0,8.0,27.25,30.58333333333333,47.083333333333336,Jakarta Pusat
2024-10-27,29.05,77.52,3.18,1.88,55.333333333333336,0.0,12.0,23.0,36.0,29.666666666666668,Jakarta Pusat
2024-10-28,29.42,77.02,4.37,1.64,,,,,,,Jakarta Pusat
2024-10-29,29.22,79.13,4.57,2.02,62.0,0.0,9.0,28.0,36.0,39.0,Jakarta Pusat
2024-10-30,29.4,75.8,2.23,2.03,,,,,,,Jakarta Pusat
2024-10-31,29.09,77.23,3.02,2.14,,,,,,,Jakarta Pusat
2024-11-01,28.6,80.0,6.12,2.48,64.54545454545455,88.9090909090909,11.0,28.545454545454547,32.27272727272727,48.27272727272727,Jakarta Pusat
2024-11-02,28.68,76.79,14.82,2.13,64.2,86.0,13.25,25.75,26.15,43.1,Jakarta Pusat
2024-11-03,27.61,80.88,3.12,1.48,52.0,71.44444444444444,9.77777777777778,33.22222222222222,24.22222222222222,41.5,Jakarta Pusat
2024-11-04,27.88,78.36,4.3,1.22,42.8,60.85,8.1,25.9,29.6,36.55,Jakarta Pusat
2024-11-05,28.06,78.26,5.22,0.92,40.57142857142857,63.76190476190476,11.19047619047619,27.904761904761905,64.76190476190476,45.142857142857146,Jakarta Pusat
2024-11-06,28.52,79.4,15.99,2.56,41.04761904761905,60.0,10.38095238095238,26.571428571428573,19.571428571428573,39.95238095238095,Jakarta Pusat
2024-11-07,28.76,72.72,0.13,1.56,51.1764705882353,77.05882352941177,12.823529411764708,26.11764705882353,15.352941176470589,38.0,Jakarta Pusat
2024-11-08,29.08,75.44,0.7,1.54,58.04761904761905,85.04761904761905,12.80952380952381,28.476190476190474,23.714285714285715,45.47619047619048,Jakarta Pusat
2024-11-09,29.2,76.13,7.07,1.54,64.4375,96.375,15.875,32.375,21.9375,46.4375,Jakarta Pusat
2024-11-10,28.46,79.43,4.19,2.02,,,,,,,Jakarta Pusat
2024-11-11,28.56,76.64,6.89,1.3,,,,,,,Jakarta Pusat
2024-11-12,28.26,81.37,3.46,1.56,37.42857142857143,53.285714285714285,9.0,28.0,6.714285714285714,34.857142857142854,Jakarta Pusat
2024-11-13,28.67,80.99,1.36,2.4,51.47368421052632,72.73684210526316,8.157894736842104,30.94736842105263,7.0,33.1578947368421,Jakarta Pusat
2024-11-14,29.05,78.52,0.43,2.23,60.66666666666666,94.28571428571428,16.857142857142858,25.952380952380956,9.142857142857142,35.095238095238095,Jakarta Pusat
2024-11-15,28.62,79.16,1.74,1.2,68.0,104.0,22.05555555555556,30.05555555555556,11.61111111111111,46.333333333333336,Jakarta Pusat
2024-11-16,28.79,78.95,4.01,1.4,72.21052631578948,108.0,13.421052631578949,28.157894736842103,13.421052631578949,43.05263157894737,Jakarta Pusat
2024-11-17,28.89,79.19,8.05,1.69,74.05555555555556,115.5,10.22222222222222,37.16666666666666,14.77777777777778,47.94444444444444,Jakarta Pusat
2024-11-18,28.57,81.12,9.4,1.72,55.10526315789474,73.21052631578948,9.63157894736842,25.68421052631579,11.105263157894736,33.10526315789474,Jakarta Pusat
2024-11-19,29.14,76.16,6.74,1.27,39.0,61.61904761904762,10.047619047619047,27.714285714285715,12.80952380952381,35.23809523809524,Jakarta Pusat
2024-11-20,28.35,83.63,9.13,1.78,44.06666666666667,60.266666666666666,12.466666666666669,28.066666666666663,18.0,37.86666666666667,Jakarta Pusat
2024-11-21,28.71,78.55,9.68,1.91,,,,,,,Jakarta Pusat
2024-11-22,28.74,81.02,4.27,2.24,33.0,43.0,10.0,24.0,16.0,28.0,Jakarta Pusat
2024-11-23,28.42,83.06,11.03,3.27,34.0,52.45,11.55,26.0,16.5,29.1,Jakarta Pusat
2024-11-24,27.99,82.97,9.12,3.43,38.19047619047619,51.66666666666666,10.666666666666666,24.80952380952381,13.666666666666666,23.761904761904763,Jakarta Pusat
2024-11-25,28.87,76.79,1.89,2.78,32.05,42.95,13.55,23.9,11.8,24.1,Jakarta Pusat
2024-11-26,28.55,82.03,5.3,2.21,39.45,53.85,12.45,27.05,14.15,29.65,Jakarta Pusat
2024-11-27,27.31,83.72,13.16,2.22,47.833333333333336,3.333333333333333,11.444444444444445,32.27777777777778,12.27777777777778,30.88888888888889,Jakarta Pusat
2024-11-28,27.39,86.61,49.89,2.6,56.0,48.388888888888886,9.22222222222222,24.77777777777778,9.5,23.83333333333333,Jakarta Pusat
2024-11-29,27.78,80.07,1.97,3.77,39.52941176470589,34.529411764705884,10.0,23.235294117647054,8.176470588235293,21.176470588235293,Jakarta Pusat
2024-11-30,28.73,79.39,3.71,3.7,38.2,39.7,9.4,21.8,7.45,16.55,Jakarta Pusat
2024-12-01,28.38,82.74,10.66,3.84,28.894736842105264,39.10526315789474,9.0,20.473684210526315,7.421052631578948,12.578947368421051,Jakarta Pusat
2024-12-02,27.97,84.24,13.11,4.34,22.11764705882353,25.647058823529413,8.0,18.647058823529413,7.411764705882353,10.0,Jakarta Pusat
2024-12-03,26.87,89.8,43.41,5.27,15.5,17.05,8.0,19.25,11.35,11.3,Jakarta Pusat
2024-12-04,27.04,89.37,18.95,4.23,,,,,,,Jakarta Pusat
2024-12-05,27.13,89.25,22.82,4.87,,,,,,,Jakarta Pusat
2024-12-06,27.3,83.31,5.45,3.5,,,,,,,Jakarta Pusat
2024-12-07,28.22,80.72,8.0,2.46,,,,,,,Jakarta Pusat
2024-12-08,28.04,84.72,8.66,2.18,,,,,,,Jakarta Pusat
2024-12-09,27.28,87.79,19.28,2.25,,,,,,,Jakarta Pusat
2024-12-10,28.13,84.79,16.43,4.32,31.714285714285715,31.785714285714285,9.0,24.285714285714285,5.642857142857143,17.857142857142858,Jakarta Pusat
2024-12-11,28.33,82.07,3.25,3.68,12.333333333333334,7.611111111111111,6.0,13.333333333333334,4.333333333333333,7.333333333333333,Jakarta Pusat
2024-12-12,27.95,84.33,4.7,3.74,30.26315789473684,35.8421052631579,11.31578947368421,20.473684210526315,11.0,15.526315789473683,Jakarta Pusat
2024-12-13,28.18,83.27,5.19,3.08,28.52380952380953,41.19047619047619,13.285714285714286,21.0,9.61904761904762,16.857142857142858,Jakarta Pusat
2024-12-14,27.87,85.8,7.62,4.17,28.73684210526316,37.73684210526316,12.210526315789474,21.36842105263158,9.0,16.36842105263158,Jakarta Pusat
2024-12-15,27.64,83.19,4.62,3.82,27.0,29.571428571428573,10.857142857142858,20.0,9.952380952380953,14.80952380952381,Jakarta Pusat
2024-12-16,27.63,86.07,8.31,2.92,28.38888888888889,31.33333333333333,11.944444444444445,21.72222222222222,8.777777777777779,18.0,Jakarta Pusat
2024-12-17,27.61,85.43,6.97,2.94,29.6,33.1,12.45,24.3,8.8,20.7,Jakarta Pusat
2024-12-18,28.02,84.42,8.16,4.31,29.210526315789476,33.63157894736842,11.0,22.63157894736842,8.210526315789474,16.63157894736842,Jakarta Pusat
2024-12-19,27.51,87.55,16.22,4.4,23.642857142857142,19.214285714285715,10.428571428571429,21.857142857142858,6.071428571428571,14.357142857142858,Jakarta Pusat
2024-12-20,27.34,85.26,16.02,4.13,27.9,34.15,13.65,25.4,6.4,21.7,Jakarta Pusat
2024-12-21,27.74,83.08,15.65,3.18,,,,,,,Jakarta Pusat
2024-12-22,27.51,84.96,8.93,2.1,,,,,,,Jakarta Pusat
2024-12-23,27.86,83.21,12.09,2.0,,,,,,,Jakarta Pusat
2024-12-24,26.87,88.39,14.62,2.49,,,,,,,Jakarta Pusat
2024-12-25,27.26,83.37,12.54,2.32,,,,,,,Jakarta Pusat
2024-12-26,27.32,82.09,7.43,2.87,,,,,,,Jakarta Pusat
2024-12-27,27.7,82.3,2.31,2.67,51.77777777777778,65.55555555555556,19.22222222222222,27.22222222222222,10.88888888888889,28.88888888888889,Jakarta Pusat
2024-12-28,27.71,77.0,0.64,2.86,,,,,,,Jakarta Pusat
2024-12-29,27.89,81.96,6.32,2.47,,,,,,,Jakarta Pusat
2024-12-30,27.61,83.93,8.11,3.76,,,,,,,Jakarta Pusat
2024-12-31,27.39,84.88,3.05,3.66,28.75,37.41666666666666,11.5,21.416666666666668,10.75,18.33333333333333,Jakarta Pusat
